1RIACHAO_DE_CIMA.csv,https://github.com/infracosteira/pluviometria/raw/main/data/postos_solo/1RIACHAO_DE_CIMA.csv
ABAIARA.csv,https://github.com/infracosteira/pluviometria/raw/main/data/postos_solo/ABAIARA.csv
ABILIO_MARTINS.csv,https://github.com/infracosteira/pluviometria/raw/main/data/postos_solo/ABILIO_MARTINS.csv
AC.SANTO_ANTONIO_BASTIOES.csv,https://github.com/infracosteira/pluviometria/raw/main/data/postos_solo/AC.SANTO_ANTONIO_BASTIOES.csv
AC._ACARAU_MIRIM.csv,https://github.com/infracosteira/pluviometria/raw/main/data/postos_solo/AC._ACARAU_MIRIM.csv
AC._AMANARY.csv,https://github.com/infracosteira/pluviometria/raw/main/data/postos_solo/AC._AMANARY.csv
AC._ARARAS.csv,https://github.com/infracosteira/pluviometria/raw/main/data/postos_solo/AC._ARARAS.csv
AC._AYRES_DE_SOUZA.csv,https://github.com/infracosteira/pluviometria/raw/main/data/postos_solo/AC._AYRES_DE_SOUZA.csv
AC._BANABUIU.csv,https://github.com/infracosteira/pluviometria/raw/main/data/postos_solo/AC._BANABUIU.csv
AC._CARAO.csv,https://github.com/infracosteira/pluviometria/raw/main/data/postos_solo/AC._CARAO.csv
AC._CAXITORE.csv,https://github.com/infracosteira/pluviometria/raw/main/data/postos_solo/AC._CAXITORE.csv
AC._CEDRO.csv,https://github.com/infracosteira/pluviometria/raw/main/data/postos_solo/AC._CEDRO.csv
AC._EMA.csv,https://github.com/infracosteira/pluviometria/raw/main/data/postos_solo/AC._EMA.csv
AC._FAVELAS.csv,https://github.com/infracosteira/pluviometria/raw/main/data/postos_solo/AC._FAVELAS.csv
AC._FORQUILHA.csv,https://github.com/infracosteira/pluviometria/raw/main/data/postos_solo/AC._FORQUILHA.csv
AC._GENERAL_SAMPAIO.csv,https://github.com/infracosteira/pluviometria/raw/main/data/postos_solo/AC._GENERAL_SAMPAIO.csv
AC._JOAQUIM_TAVORA.csv,https://github.com/infracosteira/pluviometria/raw/main/data/postos_solo/AC._JOAQUIM_TAVORA.csv
AC._LIMA_CAMPOS.csv,https://github.com/infracosteira/pluviometria/raw/main/data/postos_solo/AC._LIMA_CAMPOS.csv
AC._MANOEL_BALBINO.csv,https://github.com/infracosteira/pluviometria/raw/main/data/postos_solo/AC._MANOEL_BALBINO.csv
AC._NOVA_FLORESTA.csv,https://github.com/infracosteira/pluviometria/raw/main/data/postos_solo/AC._NOVA_FLORESTA.csv
AC._OROS.csv,https://github.com/infracosteira/pluviometria/raw/main/data/postos_solo/AC._OROS.csv
AC._PATU.csv,https://github.com/infracosteira/pluviometria/raw/main/data/postos_solo/AC._PATU.csv
AC._PEDRAS_BRANCAS.csv,https://github.com/infracosteira/pluviometria/raw/main/data/postos_solo/AC._PEDRAS_BRANCAS.csv
AC._PEREIRA_DE_MIRANDA.csv,https://github.com/infracosteira/pluviometria/raw/main/data/postos_solo/AC._PEREIRA_DE_MIRANDA.csv
AC._POMPEU_SOBRINHO.csv,https://github.com/infracosteira/pluviometria/raw/main/data/postos_solo/AC._POMPEU_SOBRINHO.csv
AC._QUIXERAMOBIM.csv,https://github.com/infracosteira/pluviometria/raw/main/data/postos_solo/AC._QUIXERAMOBIM.csv
AC._RIACHO_DO_SANGUE.csv,https://github.com/infracosteira/pluviometria/raw/main/data/postos_solo/AC._RIACHO_DO_SANGUE.csv
AC._SALAO.csv,https://github.com/infracosteira/pluviometria/raw/main/data/postos_solo/AC._SALAO.csv
AC._SAO_MATEUS.csv,https://github.com/infracosteira/pluviometria/raw/main/data/postos_solo/AC._SAO_MATEUS.csv
AC._SAO_PEDRO_DA_TIMBAUBA.csv,https://github.com/infracosteira/pluviometria/raw/main/data/postos_solo/AC._SAO_PEDRO_DA_TIMBAUBA.csv
AC._SOBRAL.csv,https://github.com/infracosteira/pluviometria/raw/main/data/postos_solo/AC._SOBRAL.csv
AC._TOMAZ_OSTERNE.csv,https://github.com/infracosteira/pluviometria/raw/main/data/postos_solo/AC._TOMAZ_OSTERNE.csv
AC._TRICI.csv,https://github.com/infracosteira/pluviometria/raw/main/data/postos_solo/AC._TRICI.csv
AC._VARZEA_DO_BOI.csv,https://github.com/infracosteira/pluviometria/raw/main/data/postos_solo/AC._VARZEA_DO_BOI.csv
AC._VELAME.csv,https://github.com/infracosteira/pluviometria/raw/main/data/postos_solo/AC._VELAME.csv
ACARAPE.csv,https://github.com/infracosteira/pluviometria/raw/main/data/postos_solo/ACARAPE.csv
ACARAU.csv,https://github.com/infracosteira/pluviometria/raw/main/data/postos_solo/ACARAU.csv
ACOPIARA.csv,https://github.com/infracosteira/pluviometria/raw/main/data/postos_solo/ACOPIARA.csv
ACUDE_ACARAPE_DO_MEIO.csv,https://github.com/infracosteira/pluviometria/raw/main/data/postos_solo/ACUDE_ACARAPE_DO_MEIO.csv
ACUDE_ANGICOS.csv,https://github.com/infracosteira/pluviometria/raw/main/data/postos_solo/ACUDE_ANGICOS.csv
ACUDE_BATENTE.csv,https://github.com/infracosteira/pluviometria/raw/main/data/postos_solo/ACUDE_BATENTE.csv
ACUDE_CARAO.csv,https://github.com/infracosteira/pluviometria/raw/main/data/postos_solo/ACUDE_CARAO.csv
ACUDE_CIPOADA.csv,https://github.com/infracosteira/pluviometria/raw/main/data/postos_solo/ACUDE_CIPOADA.csv
ACUDE_DO_GOVERNO.csv,https://github.com/infracosteira/pluviometria/raw/main/data/postos_solo/ACUDE_DO_GOVERNO.csv
ACUDE_EDSON_QUEIROZ.csv,https://github.com/infracosteira/pluviometria/raw/main/data/postos_solo/ACUDE_EDSON_QUEIROZ.csv
ACUDE_FARIAS_DE_SOUSA.csv,https://github.com/infracosteira/pluviometria/raw/main/data/postos_solo/ACUDE_FARIAS_DE_SOUSA.csv
ACUDE_JATOBA_II.csv,https://github.com/infracosteira/pluviometria/raw/main/data/postos_solo/ACUDE_JATOBA_II.csv
ACUDE_MADEIRO.csv,https://github.com/infracosteira/pluviometria/raw/main/data/postos_solo/ACUDE_MADEIRO.csv
ACUDE_MUNDAU.csv,https://github.com/infracosteira/pluviometria/raw/main/data/postos_solo/ACUDE_MUNDAU.csv
ACUDE_PIRABIBU.csv,https://github.com/infracosteira/pluviometria/raw/main/data/postos_solo/ACUDE_PIRABIBU.csv
ACUDE_POCO_DE_PEDRAS.csv,https://github.com/infracosteira/pluviometria/raw/main/data/postos_solo/ACUDE_POCO_DE_PEDRAS.csv
ACUDE_POTIRETAMA.csv,https://github.com/infracosteira/pluviometria/raw/main/data/postos_solo/ACUDE_POTIRETAMA.csv
ACUDE_RIACHO_DA_SERRA.csv,https://github.com/infracosteira/pluviometria/raw/main/data/postos_solo/ACUDE_RIACHO_DA_SERRA.csv
ACUDE_SANTA_MARIA.csv,https://github.com/infracosteira/pluviometria/raw/main/data/postos_solo/ACUDE_SANTA_MARIA.csv
ACUDE_SAO_JOSE_I.csv,https://github.com/infracosteira/pluviometria/raw/main/data/postos_solo/ACUDE_SAO_JOSE_I.csv
ACUDE_SAO_JOSE_II.csv,https://github.com/infracosteira/pluviometria/raw/main/data/postos_solo/ACUDE_SAO_JOSE_II.csv
ACUDE_SAO_VICENTE.csv,https://github.com/infracosteira/pluviometria/raw/main/data/postos_solo/ACUDE_SAO_VICENTE.csv
ACUDE_TIGRE.csv,https://github.com/infracosteira/pluviometria/raw/main/data/postos_solo/ACUDE_TIGRE.csv
ACUDE_TRAPIA.csv,https://github.com/infracosteira/pluviometria/raw/main/data/postos_solo/ACUDE_TRAPIA.csv
ADRIANOPOLIS.csv,https://github.com/infracosteira/pluviometria/raw/main/data/postos_solo/ADRIANOPOLIS.csv
AEROPORTO(CRATEUS).csv,https://github.com/infracosteira/pluviometria/raw/main/data/postos_solo/AEROPORTO(CRATEUS).csv
AEROPORTO(FORTALEZA).csv,https://github.com/infracosteira/pluviometria/raw/main/data/postos_solo/AEROPORTO(FORTALEZA).csv
AEROPORTO(IGUATU).csv,https://github.com/infracosteira/pluviometria/raw/main/data/postos_solo/AEROPORTO(IGUATU).csv
AEROPORTO(JAGUARIBE).csv,https://github.com/infracosteira/pluviometria/raw/main/data/postos_solo/AEROPORTO(JAGUARIBE).csv
AEROPORTO(JUAZ._DO_NORTE).csv,https://github.com/infracosteira/pluviometria/raw/main/data/postos_solo/AEROPORTO(JUAZ._DO_NORTE).csv
AEROPORTO(SOBRAL).csv,https://github.com/infracosteira/pluviometria/raw/main/data/postos_solo/AEROPORTO(SOBRAL).csv
AEROPORTO.csv,https://github.com/infracosteira/pluviometria/raw/main/data/postos_solo/AEROPORTO.csv
AEROPORTO_DE_ARACATI.csv,https://github.com/infracosteira/pluviometria/raw/main/data/postos_solo/AEROPORTO_DE_ARACATI.csv
AGROVILA.csv,https://github.com/infracosteira/pluviometria/raw/main/data/postos_solo/AGROVILA.csv
AGUAS_BELAS.csv,https://github.com/infracosteira/pluviometria/raw/main/data/postos_solo/AGUAS_BELAS.csv
AGUA_BOA.csv,https://github.com/infracosteira/pluviometria/raw/main/data/postos_solo/AGUA_BOA.csv
AGUA_VERDE.csv,https://github.com/infracosteira/pluviometria/raw/main/data/postos_solo/AGUA_VERDE.csv
AGUA_VERMELHA.csv,https://github.com/infracosteira/pluviometria/raw/main/data/postos_solo/AGUA_VERMELHA.csv
AIUABA.csv,https://github.com/infracosteira/pluviometria/raw/main/data/postos_solo/AIUABA.csv
ALCANTARAS.csv,https://github.com/infracosteira/pluviometria/raw/main/data/postos_solo/ALCANTARAS.csv
ALGODOES.csv,https://github.com/infracosteira/pluviometria/raw/main/data/postos_solo/ALGODOES.csv
ALTAMIRA.csv,https://github.com/infracosteira/pluviometria/raw/main/data/postos_solo/ALTAMIRA.csv
ALTANEIRA.csv,https://github.com/infracosteira/pluviometria/raw/main/data/postos_solo/ALTANEIRA.csv
ALTO_SANTO.csv,https://github.com/infracosteira/pluviometria/raw/main/data/postos_solo/ALTO_SANTO.csv
AMANAIARA.csv,https://github.com/infracosteira/pluviometria/raw/main/data/postos_solo/AMANAIARA.csv
AMANIUTUBA.csv,https://github.com/infracosteira/pluviometria/raw/main/data/postos_solo/AMANIUTUBA.csv
AMARO.csv,https://github.com/infracosteira/pluviometria/raw/main/data/postos_solo/AMARO.csv
AMERICA.csv,https://github.com/infracosteira/pluviometria/raw/main/data/postos_solo/AMERICA.csv
AMONTADA.csv,https://github.com/infracosteira/pluviometria/raw/main/data/postos_solo/AMONTADA.csv
ANGICO.csv,https://github.com/infracosteira/pluviometria/raw/main/data/postos_solo/ANGICO.csv
ANTONINA_DO_NORTE.csv,https://github.com/infracosteira/pluviometria/raw/main/data/postos_solo/ANTONINA_DO_NORTE.csv
ANTONIO_DIOGO.csv,https://github.com/infracosteira/pluviometria/raw/main/data/postos_solo/ANTONIO_DIOGO.csv
APRAZIVEL.csv,https://github.com/infracosteira/pluviometria/raw/main/data/postos_solo/APRAZIVEL.csv
APUIARES.csv,https://github.com/infracosteira/pluviometria/raw/main/data/postos_solo/APUIARES.csv
AQUINOPOLES.csv,https://github.com/infracosteira/pluviometria/raw/main/data/postos_solo/AQUINOPOLES.csv
AQUIRAZ.csv,https://github.com/infracosteira/pluviometria/raw/main/data/postos_solo/AQUIRAZ.csv
ARACATI.csv,https://github.com/infracosteira/pluviometria/raw/main/data/postos_solo/ARACATI.csv
ARACATIACU.csv,https://github.com/infracosteira/pluviometria/raw/main/data/postos_solo/ARACATIACU.csv
ARACATIARA.csv,https://github.com/infracosteira/pluviometria/raw/main/data/postos_solo/ARACATIARA.csv
ARACOIABA.csv,https://github.com/infracosteira/pluviometria/raw/main/data/postos_solo/ARACOIABA.csv
ARAJARA.csv,https://github.com/infracosteira/pluviometria/raw/main/data/postos_solo/ARAJARA.csv
ARANAU.csv,https://github.com/infracosteira/pluviometria/raw/main/data/postos_solo/ARANAU.csv
ARAPARI.csv,https://github.com/infracosteira/pluviometria/raw/main/data/postos_solo/ARAPARI.csv
ARAPORANGA.csv,https://github.com/infracosteira/pluviometria/raw/main/data/postos_solo/ARAPORANGA.csv
ARARENDA.csv,https://github.com/infracosteira/pluviometria/raw/main/data/postos_solo/ARARENDA.csv
ARARIPE.csv,https://github.com/infracosteira/pluviometria/raw/main/data/postos_solo/ARARIPE.csv
ARARIUS.csv,https://github.com/infracosteira/pluviometria/raw/main/data/postos_solo/ARARIUS.csv
ARATAMA.csv,https://github.com/infracosteira/pluviometria/raw/main/data/postos_solo/ARATAMA.csv
ARATUBA.csv,https://github.com/infracosteira/pluviometria/raw/main/data/postos_solo/ARATUBA.csv
AREA_SECA.csv,https://github.com/infracosteira/pluviometria/raw/main/data/postos_solo/AREA_SECA.csv
ARISCO_DOS_MARIANOS.csv,https://github.com/infracosteira/pluviometria/raw/main/data/postos_solo/ARISCO_DOS_MARIANOS.csv
ARNEIROZ.csv,https://github.com/infracosteira/pluviometria/raw/main/data/postos_solo/ARNEIROZ.csv
AROEIRAS.csv,https://github.com/infracosteira/pluviometria/raw/main/data/postos_solo/AROEIRAS.csv
ARROJADO.csv,https://github.com/infracosteira/pluviometria/raw/main/data/postos_solo/ARROJADO.csv
ARUARU.csv,https://github.com/infracosteira/pluviometria/raw/main/data/postos_solo/ARUARU.csv
ASSARE.csv,https://github.com/infracosteira/pluviometria/raw/main/data/postos_solo/ASSARE.csv
ASSENTAMENTO_MANDACARU.csv,https://github.com/infracosteira/pluviometria/raw/main/data/postos_solo/ASSENTAMENTO_MANDACARU.csv
ASSENTAMENTO_NOVO_CANAA.csv,https://github.com/infracosteira/pluviometria/raw/main/data/postos_solo/ASSENTAMENTO_NOVO_CANAA.csv
ASSENTAMENTO_PAPEL.csv,https://github.com/infracosteira/pluviometria/raw/main/data/postos_solo/ASSENTAMENTO_PAPEL.csv
ASSUNCAO.csv,https://github.com/infracosteira/pluviometria/raw/main/data/postos_solo/ASSUNCAO.csv
AURORA.csv,https://github.com/infracosteira/pluviometria/raw/main/data/postos_solo/AURORA.csv
A�UDE_ARREBITA.csv,https://github.com/infracosteira/pluviometria/raw/main/data/postos_solo/A�UDE_ARREBITA.csv
A�UDE_DIAMANTE.csv,https://github.com/infracosteira/pluviometria/raw/main/data/postos_solo/A�UDE_DIAMANTE.csv
A�UDE_EDSON_QUEIROZ.csv,https://github.com/infracosteira/pluviometria/raw/main/data/postos_solo/A�UDE_EDSON_QUEIROZ.csv
A�UDE_FIGUEIREDO.csv,https://github.com/infracosteira/pluviometria/raw/main/data/postos_solo/A�UDE_FIGUEIREDO.csv
A�UDE_GANGORRA.csv,https://github.com/infracosteira/pluviometria/raw/main/data/postos_solo/A�UDE_GANGORRA.csv
A�UDE_MARTIN�POLE.csv,https://github.com/infracosteira/pluviometria/raw/main/data/postos_solo/A�UDE_MARTIN�POLE.csv
A�UDE_VIEIRAO.csv,https://github.com/infracosteira/pluviometria/raw/main/data/postos_solo/A�UDE_VIEIRAO.csv
A�UDE_V�RZEA_DA_VOLTA.csv,https://github.com/infracosteira/pluviometria/raw/main/data/postos_solo/A�UDE_V�RZEA_DA_VOLTA.csv
BAIXA_FRIA.csv,https://github.com/infracosteira/pluviometria/raw/main/data/postos_solo/BAIXA_FRIA.csv
BAIXIO.csv,https://github.com/infracosteira/pluviometria/raw/main/data/postos_solo/BAIXIO.csv
BAIXIO_DE_DONANA.csv,https://github.com/infracosteira/pluviometria/raw/main/data/postos_solo/BAIXIO_DE_DONANA.csv
BALANCO.csv,https://github.com/infracosteira/pluviometria/raw/main/data/postos_solo/BALANCO.csv
BANABUIU.csv,https://github.com/infracosteira/pluviometria/raw/main/data/postos_solo/BANABUIU.csv
BANDEIRA.csv,https://github.com/infracosteira/pluviometria/raw/main/data/postos_solo/BANDEIRA.csv
BARAO_DE_AQUIRAZ.csv,https://github.com/infracosteira/pluviometria/raw/main/data/postos_solo/BARAO_DE_AQUIRAZ.csv
BARBALHA.csv,https://github.com/infracosteira/pluviometria/raw/main/data/postos_solo/BARBALHA.csv
BARRA.csv,https://github.com/infracosteira/pluviometria/raw/main/data/postos_solo/BARRA.csv
BARRA_DAS_MOITAS.csv,https://github.com/infracosteira/pluviometria/raw/main/data/postos_solo/BARRA_DAS_MOITAS.csv
BARRA_DE_SITIA.csv,https://github.com/infracosteira/pluviometria/raw/main/data/postos_solo/BARRA_DE_SITIA.csv
BARREIRA.csv,https://github.com/infracosteira/pluviometria/raw/main/data/postos_solo/BARREIRA.csv
BARREIRAS.csv,https://github.com/infracosteira/pluviometria/raw/main/data/postos_solo/BARREIRAS.csv
BARREIRAS_DOS_PARAIBANOS.csv,https://github.com/infracosteira/pluviometria/raw/main/data/postos_solo/BARREIRAS_DOS_PARAIBANOS.csv
BARREIROS.csv,https://github.com/infracosteira/pluviometria/raw/main/data/postos_solo/BARREIROS.csv
BARREIROS_DE_BAIXO.csv,https://github.com/infracosteira/pluviometria/raw/main/data/postos_solo/BARREIROS_DE_BAIXO.csv
BARRINHA.csv,https://github.com/infracosteira/pluviometria/raw/main/data/postos_solo/BARRINHA.csv
BARRO.csv,https://github.com/infracosteira/pluviometria/raw/main/data/postos_solo/BARRO.csv
BARROQUINHA.csv,https://github.com/infracosteira/pluviometria/raw/main/data/postos_solo/BARROQUINHA.csv
BARRO_ALTO.csv,https://github.com/infracosteira/pluviometria/raw/main/data/postos_solo/BARRO_ALTO.csv
BASTIOES.csv,https://github.com/infracosteira/pluviometria/raw/main/data/postos_solo/BASTIOES.csv
BATATAS.csv,https://github.com/infracosteira/pluviometria/raw/main/data/postos_solo/BATATAS.csv
BATURITE.csv,https://github.com/infracosteira/pluviometria/raw/main/data/postos_solo/BATURITE.csv
BAU.csv,https://github.com/infracosteira/pluviometria/raw/main/data/postos_solo/BAU.csv
BEBERIBE.csv,https://github.com/infracosteira/pluviometria/raw/main/data/postos_solo/BEBERIBE.csv
BELA_CRUZ.csv,https://github.com/infracosteira/pluviometria/raw/main/data/postos_solo/BELA_CRUZ.csv
BELA_VISTA.csv,https://github.com/infracosteira/pluviometria/raw/main/data/postos_solo/BELA_VISTA.csv
BELEM.csv,https://github.com/infracosteira/pluviometria/raw/main/data/postos_solo/BELEM.csv
BERRA_BODE-ETS.csv,https://github.com/infracosteira/pluviometria/raw/main/data/postos_solo/BERRA_BODE-ETS.csv
BETANIA.csv,https://github.com/infracosteira/pluviometria/raw/main/data/postos_solo/BETANIA.csv
BILHEIRA.csv,https://github.com/infracosteira/pluviometria/raw/main/data/postos_solo/BILHEIRA.csv
BITUPITA.csv,https://github.com/infracosteira/pluviometria/raw/main/data/postos_solo/BITUPITA.csv
BIXOPA.csv,https://github.com/infracosteira/pluviometria/raw/main/data/postos_solo/BIXOPA.csv
BOA_ACAO.csv,https://github.com/infracosteira/pluviometria/raw/main/data/postos_solo/BOA_ACAO.csv
BOA_AGUA.csv,https://github.com/infracosteira/pluviometria/raw/main/data/postos_solo/BOA_AGUA.csv
BOA_ESPERANCA.csv,https://github.com/infracosteira/pluviometria/raw/main/data/postos_solo/BOA_ESPERANCA.csv
BOA_VIAGEM.csv,https://github.com/infracosteira/pluviometria/raw/main/data/postos_solo/BOA_VIAGEM.csv
BOA_VISTA.csv,https://github.com/infracosteira/pluviometria/raw/main/data/postos_solo/BOA_VISTA.csv
BOA_VISTA_DO_CAXITORE.csv,https://github.com/infracosteira/pluviometria/raw/main/data/postos_solo/BOA_VISTA_DO_CAXITORE.csv
BOM_JESUS.csv,https://github.com/infracosteira/pluviometria/raw/main/data/postos_solo/BOM_JESUS.csv
BOM_NOME.csv,https://github.com/infracosteira/pluviometria/raw/main/data/postos_solo/BOM_NOME.csv
BOM_PRINCIPIO.csv,https://github.com/infracosteira/pluviometria/raw/main/data/postos_solo/BOM_PRINCIPIO.csv
BONFIM.csv,https://github.com/infracosteira/pluviometria/raw/main/data/postos_solo/BONFIM.csv
BONITO.csv,https://github.com/infracosteira/pluviometria/raw/main/data/postos_solo/BONITO.csv
BOQUEIRAO.csv,https://github.com/infracosteira/pluviometria/raw/main/data/postos_solo/BOQUEIRAO.csv
BOQUEIRAO_DO_CESARIO.csv,https://github.com/infracosteira/pluviometria/raw/main/data/postos_solo/BOQUEIRAO_DO_CESARIO.csv
BORGES.csv,https://github.com/infracosteira/pluviometria/raw/main/data/postos_solo/BORGES.csv
BOTIJA.csv,https://github.com/infracosteira/pluviometria/raw/main/data/postos_solo/BOTIJA.csv
BRAVO.csv,https://github.com/infracosteira/pluviometria/raw/main/data/postos_solo/BRAVO.csv
BREJINHO.csv,https://github.com/infracosteira/pluviometria/raw/main/data/postos_solo/BREJINHO.csv
BREJO_SANTO.csv,https://github.com/infracosteira/pluviometria/raw/main/data/postos_solo/BREJO_SANTO.csv
BRUM.csv,https://github.com/infracosteira/pluviometria/raw/main/data/postos_solo/BRUM.csv
BUGI.csv,https://github.com/infracosteira/pluviometria/raw/main/data/postos_solo/BUGI.csv
CABACEIRA.csv,https://github.com/infracosteira/pluviometria/raw/main/data/postos_solo/CABACEIRA.csv
CACA_E_PESCA.csv,https://github.com/infracosteira/pluviometria/raw/main/data/postos_solo/CACA_E_PESCA.csv
CACHOEIRA.csv,https://github.com/infracosteira/pluviometria/raw/main/data/postos_solo/CACHOEIRA.csv
CACHOEIRA_DE_FORA.csv,https://github.com/infracosteira/pluviometria/raw/main/data/postos_solo/CACHOEIRA_DE_FORA.csv
CACHOEIRA_DO_FOGO.csv,https://github.com/infracosteira/pluviometria/raw/main/data/postos_solo/CACHOEIRA_DO_FOGO.csv
CACIMBAS.csv,https://github.com/infracosteira/pluviometria/raw/main/data/postos_solo/CACIMBAS.csv
CAGADO.csv,https://github.com/infracosteira/pluviometria/raw/main/data/postos_solo/CAGADO.csv
CAICARA.csv,https://github.com/infracosteira/pluviometria/raw/main/data/postos_solo/CAICARA.csv
CAICARINHA.csv,https://github.com/infracosteira/pluviometria/raw/main/data/postos_solo/CAICARINHA.csv
CAIOCA.csv,https://github.com/infracosteira/pluviometria/raw/main/data/postos_solo/CAIOCA.csv
CAIO_PRADO.csv,https://github.com/infracosteira/pluviometria/raw/main/data/postos_solo/CAIO_PRADO.csv
CAIPU.csv,https://github.com/infracosteira/pluviometria/raw/main/data/postos_solo/CAIPU.csv
CAIXA.csv,https://github.com/infracosteira/pluviometria/raw/main/data/postos_solo/CAIXA.csv
CAJAZERINHA.csv,https://github.com/infracosteira/pluviometria/raw/main/data/postos_solo/CAJAZERINHA.csv
CALDAS.csv,https://github.com/infracosteira/pluviometria/raw/main/data/postos_solo/CALDAS.csv
CAMARAO.csv,https://github.com/infracosteira/pluviometria/raw/main/data/postos_solo/CAMARAO.csv
CAMILOS.csv,https://github.com/infracosteira/pluviometria/raw/main/data/postos_solo/CAMILOS.csv
CAMOCIM.csv,https://github.com/infracosteira/pluviometria/raw/main/data/postos_solo/CAMOCIM.csv
CAMPANARIO.csv,https://github.com/infracosteira/pluviometria/raw/main/data/postos_solo/CAMPANARIO.csv
CAMPESTRE.csv,https://github.com/infracosteira/pluviometria/raw/main/data/postos_solo/CAMPESTRE.csv
CAMPOS_NOVOS.csv,https://github.com/infracosteira/pluviometria/raw/main/data/postos_solo/CAMPOS_NOVOS.csv
CAMPOS_SALES.csv,https://github.com/infracosteira/pluviometria/raw/main/data/postos_solo/CAMPOS_SALES.csv
CAMPOS_VELHOS.csv,https://github.com/infracosteira/pluviometria/raw/main/data/postos_solo/CAMPOS_VELHOS.csv
CANABRAVA-COCOCI.csv,https://github.com/infracosteira/pluviometria/raw/main/data/postos_solo/CANABRAVA-COCOCI.csv
CANAFISTULA.csv,https://github.com/infracosteira/pluviometria/raw/main/data/postos_solo/CANAFISTULA.csv
CANAUNA.csv,https://github.com/infracosteira/pluviometria/raw/main/data/postos_solo/CANAUNA.csv
CANA_BRAVA_DOS_FERREIRAS.csv,https://github.com/infracosteira/pluviometria/raw/main/data/postos_solo/CANA_BRAVA_DOS_FERREIRAS.csv
CANGATI.csv,https://github.com/infracosteira/pluviometria/raw/main/data/postos_solo/CANGATI.csv
CANINDE.csv,https://github.com/infracosteira/pluviometria/raw/main/data/postos_solo/CANINDE.csv
CANINDEZINHO.csv,https://github.com/infracosteira/pluviometria/raw/main/data/postos_solo/CANINDEZINHO.csv
CAPIM_1.csv,https://github.com/infracosteira/pluviometria/raw/main/data/postos_solo/CAPIM_1.csv
CAPIM_GROSSO.csv,https://github.com/infracosteira/pluviometria/raw/main/data/postos_solo/CAPIM_GROSSO.csv
CAPISTRANO.csv,https://github.com/infracosteira/pluviometria/raw/main/data/postos_solo/CAPISTRANO.csv
CAPITAO_MOR.csv,https://github.com/infracosteira/pluviometria/raw/main/data/postos_solo/CAPITAO_MOR.csv
CAPONGA.csv,https://github.com/infracosteira/pluviometria/raw/main/data/postos_solo/CAPONGA.csv
CARACARA.csv,https://github.com/infracosteira/pluviometria/raw/main/data/postos_solo/CARACARA.csv
CARAUBAS.csv,https://github.com/infracosteira/pluviometria/raw/main/data/postos_solo/CARAUBAS.csv
CARIDADE.csv,https://github.com/infracosteira/pluviometria/raw/main/data/postos_solo/CARIDADE.csv
CARIRE.csv,https://github.com/infracosteira/pluviometria/raw/main/data/postos_solo/CARIRE.csv
CARIRIACU.csv,https://github.com/infracosteira/pluviometria/raw/main/data/postos_solo/CARIRIACU.csv
CARIUS.csv,https://github.com/infracosteira/pluviometria/raw/main/data/postos_solo/CARIUS.csv
CARIUTABA.csv,https://github.com/infracosteira/pluviometria/raw/main/data/postos_solo/CARIUTABA.csv
CARMELOPOLES.csv,https://github.com/infracosteira/pluviometria/raw/main/data/postos_solo/CARMELOPOLES.csv
CARNAUBAL.csv,https://github.com/infracosteira/pluviometria/raw/main/data/postos_solo/CARNAUBAL.csv
CARNAUBINHA.csv,https://github.com/infracosteira/pluviometria/raw/main/data/postos_solo/CARNAUBINHA.csv
CARRAPATEIRA.csv,https://github.com/infracosteira/pluviometria/raw/main/data/postos_solo/CARRAPATEIRA.csv
CARRAPATEIRAS.csv,https://github.com/infracosteira/pluviometria/raw/main/data/postos_solo/CARRAPATEIRAS.csv
CARVOEIRO.csv,https://github.com/infracosteira/pluviometria/raw/main/data/postos_solo/CARVOEIRO.csv
CASA_DE_PEDRA.csv,https://github.com/infracosteira/pluviometria/raw/main/data/postos_solo/CASA_DE_PEDRA.csv
CASCAVEL.csv,https://github.com/infracosteira/pluviometria/raw/main/data/postos_solo/CASCAVEL.csv
CASCUDO.csv,https://github.com/infracosteira/pluviometria/raw/main/data/postos_solo/CASCUDO.csv
CASTANHAO.csv,https://github.com/infracosteira/pluviometria/raw/main/data/postos_solo/CASTANHAO.csv
CASTELAO.csv,https://github.com/infracosteira/pluviometria/raw/main/data/postos_solo/CASTELAO.csv
CATARINA.csv,https://github.com/infracosteira/pluviometria/raw/main/data/postos_solo/CATARINA.csv
CATUNDA.csv,https://github.com/infracosteira/pluviometria/raw/main/data/postos_solo/CATUNDA.csv
CAUCAIA.csv,https://github.com/infracosteira/pluviometria/raw/main/data/postos_solo/CAUCAIA.csv
CEDRO.csv,https://github.com/infracosteira/pluviometria/raw/main/data/postos_solo/CEDRO.csv
Cemoaba.csv,https://github.com/infracosteira/pluviometria/raw/main/data/postos_solo/Cemoaba.csv
CENTRO_DE_TREINAMENTO.csv,https://github.com/infracosteira/pluviometria/raw/main/data/postos_solo/CENTRO_DE_TREINAMENTO.csv
CHACARA_CRAVO_E_ROSA.csv,https://github.com/infracosteira/pluviometria/raw/main/data/postos_solo/CHACARA_CRAVO_E_ROSA.csv
CHACARA_PEDRO_HENRIQUE.csv,https://github.com/infracosteira/pluviometria/raw/main/data/postos_solo/CHACARA_PEDRO_HENRIQUE.csv
CHAPADA_DO_ALEGRE.csv,https://github.com/infracosteira/pluviometria/raw/main/data/postos_solo/CHAPADA_DO_ALEGRE.csv
CHAVAL.csv,https://github.com/infracosteira/pluviometria/raw/main/data/postos_solo/CHAVAL.csv
CHORO.csv,https://github.com/infracosteira/pluviometria/raw/main/data/postos_solo/CHORO.csv
CHOROZINHO.csv,https://github.com/infracosteira/pluviometria/raw/main/data/postos_solo/CHOROZINHO.csv
CIPO_DOS_ANJOS.csv,https://github.com/infracosteira/pluviometria/raw/main/data/postos_solo/CIPO_DOS_ANJOS.csv
COMUNIDADE_BAIXA_UMBURANA.csv,https://github.com/infracosteira/pluviometria/raw/main/data/postos_solo/COMUNIDADE_BAIXA_UMBURANA.csv
COMUNIDADE_BAIXIO_GRANDE.csv,https://github.com/infracosteira/pluviometria/raw/main/data/postos_solo/COMUNIDADE_BAIXIO_GRANDE.csv
COMUNIDADE_GROSSAS.csv,https://github.com/infracosteira/pluviometria/raw/main/data/postos_solo/COMUNIDADE_GROSSAS.csv
COMUNIDADE_LEMOS.csv,https://github.com/infracosteira/pluviometria/raw/main/data/postos_solo/COMUNIDADE_LEMOS.csv
COMUNIDADE_TERRA_VERMELHA.csv,https://github.com/infracosteira/pluviometria/raw/main/data/postos_solo/COMUNIDADE_TERRA_VERMELHA.csv
COMUNIDADE_VALDIVINO.csv,https://github.com/infracosteira/pluviometria/raw/main/data/postos_solo/COMUNIDADE_VALDIVINO.csv
CONCEICAO.csv,https://github.com/infracosteira/pluviometria/raw/main/data/postos_solo/CONCEICAO.csv
COREAU.csv,https://github.com/infracosteira/pluviometria/raw/main/data/postos_solo/COREAU.csv
CORREGO_ESPERAN�A.csv,https://github.com/infracosteira/pluviometria/raw/main/data/postos_solo/CORREGO_ESPERAN�A.csv
CRATEUS.csv,https://github.com/infracosteira/pluviometria/raw/main/data/postos_solo/CRATEUS.csv
CRATO.csv,https://github.com/infracosteira/pluviometria/raw/main/data/postos_solo/CRATO.csv
CRIOULAS.csv,https://github.com/infracosteira/pluviometria/raw/main/data/postos_solo/CRIOULAS.csv
CRISTAIS.csv,https://github.com/infracosteira/pluviometria/raw/main/data/postos_solo/CRISTAIS.csv
CRISTALIA.csv,https://github.com/infracosteira/pluviometria/raw/main/data/postos_solo/CRISTALIA.csv
CROATA.csv,https://github.com/infracosteira/pluviometria/raw/main/data/postos_solo/CROATA.csv
CRUZ.csv,https://github.com/infracosteira/pluviometria/raw/main/data/postos_solo/CRUZ.csv
CUNCAS.csv,https://github.com/infracosteira/pluviometria/raw/main/data/postos_solo/CUNCAS.csv
CURATIS.csv,https://github.com/infracosteira/pluviometria/raw/main/data/postos_solo/CURATIS.csv
CURUPIRA.csv,https://github.com/infracosteira/pluviometria/raw/main/data/postos_solo/CURUPIRA.csv
CUSTODIO.csv,https://github.com/infracosteira/pluviometria/raw/main/data/postos_solo/CUSTODIO.csv
DAMIAO.csv,https://github.com/infracosteira/pluviometria/raw/main/data/postos_solo/DAMIAO.csv
DANIEL_DE_QUEIROS.csv,https://github.com/infracosteira/pluviometria/raw/main/data/postos_solo/DANIEL_DE_QUEIROS.csv
DANIEL_DE_QUEIROZ.csv,https://github.com/infracosteira/pluviometria/raw/main/data/postos_solo/DANIEL_DE_QUEIROZ.csv
DEFESA_CIVIL.csv,https://github.com/infracosteira/pluviometria/raw/main/data/postos_solo/DEFESA_CIVIL.csv
DEFESA_CIVIL_DE_FORTALEZA.csv,https://github.com/infracosteira/pluviometria/raw/main/data/postos_solo/DEFESA_CIVIL_DE_FORTALEZA.csv
DEP._IRAPUAN_PINHEIRO.csv,https://github.com/infracosteira/pluviometria/raw/main/data/postos_solo/DEP._IRAPUAN_PINHEIRO.csv
DESEJO.csv,https://github.com/infracosteira/pluviometria/raw/main/data/postos_solo/DESEJO.csv
DESERTO.csv,https://github.com/infracosteira/pluviometria/raw/main/data/postos_solo/DESERTO.csv
DIPAN-ESCRITORIO_DO_DNOCS.csv,https://github.com/infracosteira/pluviometria/raw/main/data/postos_solo/DIPAN-ESCRITORIO_DO_DNOCS.csv
DOMINGOS_DA_COSTA.csv,https://github.com/infracosteira/pluviometria/raw/main/data/postos_solo/DOMINGOS_DA_COSTA.csv
DOM_LEME.csv,https://github.com/infracosteira/pluviometria/raw/main/data/postos_solo/DOM_LEME.csv
DOM_MAURICIO.csv,https://github.com/infracosteira/pluviometria/raw/main/data/postos_solo/DOM_MAURICIO.csv
DOM_QUINTINO.csv,https://github.com/infracosteira/pluviometria/raw/main/data/postos_solo/DOM_QUINTINO.csv
EBRON.csv,https://github.com/infracosteira/pluviometria/raw/main/data/postos_solo/EBRON.csv
EIXAO_2.csv,https://github.com/infracosteira/pluviometria/raw/main/data/postos_solo/EIXAO_2.csv
ELEVATORIO_-_COGERH.csv,https://github.com/infracosteira/pluviometria/raw/main/data/postos_solo/ELEVATORIO_-_COGERH.csv
EMA.csv,https://github.com/infracosteira/pluviometria/raw/main/data/postos_solo/EMA.csv
EMATERCE.csv,https://github.com/infracosteira/pluviometria/raw/main/data/postos_solo/EMATERCE.csv
EMATUBA.csv,https://github.com/infracosteira/pluviometria/raw/main/data/postos_solo/EMATUBA.csv
EMAUS.csv,https://github.com/infracosteira/pluviometria/raw/main/data/postos_solo/EMAUS.csv
ENCANTADO.csv,https://github.com/infracosteira/pluviometria/raw/main/data/postos_solo/ENCANTADO.csv
ENGENHEIRO_JOAO_TOME.csv,https://github.com/infracosteira/pluviometria/raw/main/data/postos_solo/ENGENHEIRO_JOAO_TOME.csv
ENGENHO_VELHO.csv,https://github.com/infracosteira/pluviometria/raw/main/data/postos_solo/ENGENHO_VELHO.csv
ERERE.csv,https://github.com/infracosteira/pluviometria/raw/main/data/postos_solo/ERERE.csv
ESCOLA_PROF_LUIZA_TEODORO.csv,https://github.com/infracosteira/pluviometria/raw/main/data/postos_solo/ESCOLA_PROF_LUIZA_TEODORO.csv
ESPERANCA.csv,https://github.com/infracosteira/pluviometria/raw/main/data/postos_solo/ESPERANCA.csv
ESTACAO_ECOLOGICA.csv,https://github.com/infracosteira/pluviometria/raw/main/data/postos_solo/ESTACAO_ECOLOGICA.csv
ESTRADA.csv,https://github.com/infracosteira/pluviometria/raw/main/data/postos_solo/ESTRADA.csv
ETA_SAAE_QUIXERAMOBIM.csv,https://github.com/infracosteira/pluviometria/raw/main/data/postos_solo/ETA_SAAE_QUIXERAMOBIM.csv
EUSEBIO.csv,https://github.com/infracosteira/pluviometria/raw/main/data/postos_solo/EUSEBIO.csv
FARIAS_BRITO.csv,https://github.com/infracosteira/pluviometria/raw/main/data/postos_solo/FARIAS_BRITO.csv
FAZ.BELO_HORIZONTE.csv,https://github.com/infracosteira/pluviometria/raw/main/data/postos_solo/FAZ.BELO_HORIZONTE.csv
FAZ.NOVA_CIOMA.csv,https://github.com/infracosteira/pluviometria/raw/main/data/postos_solo/FAZ.NOVA_CIOMA.csv
FAZ.REALEZA.csv,https://github.com/infracosteira/pluviometria/raw/main/data/postos_solo/FAZ.REALEZA.csv
FAZENDA_ALTO_DA_CONCEICAO.csv,https://github.com/infracosteira/pluviometria/raw/main/data/postos_solo/FAZENDA_ALTO_DA_CONCEICAO.csv
FAZENDA_ALTO_VERMELHO.csv,https://github.com/infracosteira/pluviometria/raw/main/data/postos_solo/FAZENDA_ALTO_VERMELHO.csv
FAZENDA_ARARA.csv,https://github.com/infracosteira/pluviometria/raw/main/data/postos_solo/FAZENDA_ARARA.csv
FAZENDA_BOA_VISTA.csv,https://github.com/infracosteira/pluviometria/raw/main/data/postos_solo/FAZENDA_BOA_VISTA.csv
FAZENDA_BOM_PASTOR.csv,https://github.com/infracosteira/pluviometria/raw/main/data/postos_solo/FAZENDA_BOM_PASTOR.csv
FAZENDA_CAJAZEIRA.csv,https://github.com/infracosteira/pluviometria/raw/main/data/postos_solo/FAZENDA_CAJAZEIRA.csv
FAZENDA_CAXINOA.csv,https://github.com/infracosteira/pluviometria/raw/main/data/postos_solo/FAZENDA_CAXINOA.csv
FAZENDA_COLUMINJUBA.csv,https://github.com/infracosteira/pluviometria/raw/main/data/postos_solo/FAZENDA_COLUMINJUBA.csv
FAZENDA_COQUE.csv,https://github.com/infracosteira/pluviometria/raw/main/data/postos_solo/FAZENDA_COQUE.csv
FAZENDA_CORISCO.csv,https://github.com/infracosteira/pluviometria/raw/main/data/postos_solo/FAZENDA_CORISCO.csv
FAZENDA_GRACINHA.csv,https://github.com/infracosteira/pluviometria/raw/main/data/postos_solo/FAZENDA_GRACINHA.csv
FAZENDA_IEMEM.csv,https://github.com/infracosteira/pluviometria/raw/main/data/postos_solo/FAZENDA_IEMEM.csv
FAZENDA_LACRAIA.csv,https://github.com/infracosteira/pluviometria/raw/main/data/postos_solo/FAZENDA_LACRAIA.csv
FAZENDA_LAGES.csv,https://github.com/infracosteira/pluviometria/raw/main/data/postos_solo/FAZENDA_LAGES.csv
FAZENDA_LAGOA_DAS_MERCES.csv,https://github.com/infracosteira/pluviometria/raw/main/data/postos_solo/FAZENDA_LAGOA_DAS_MERCES.csv
FAZENDA_LAGOINHA.csv,https://github.com/infracosteira/pluviometria/raw/main/data/postos_solo/FAZENDA_LAGOINHA.csv
FAZENDA_LOGRADOURO.csv,https://github.com/infracosteira/pluviometria/raw/main/data/postos_solo/FAZENDA_LOGRADOURO.csv
FAZENDA_MALA.csv,https://github.com/infracosteira/pluviometria/raw/main/data/postos_solo/FAZENDA_MALA.csv
FAZENDA_MALAQUIAS.csv,https://github.com/infracosteira/pluviometria/raw/main/data/postos_solo/FAZENDA_MALAQUIAS.csv
FAZENDA_MORADA_NOVA.csv,https://github.com/infracosteira/pluviometria/raw/main/data/postos_solo/FAZENDA_MORADA_NOVA.csv
FAZENDA_MUTAMBA.csv,https://github.com/infracosteira/pluviometria/raw/main/data/postos_solo/FAZENDA_MUTAMBA.csv
FAZENDA_NAO_ME_DEIXE.csv,https://github.com/infracosteira/pluviometria/raw/main/data/postos_solo/FAZENDA_NAO_ME_DEIXE.csv
FAZENDA_NITEROI.csv,https://github.com/infracosteira/pluviometria/raw/main/data/postos_solo/FAZENDA_NITEROI.csv
FAZENDA_NORMAL.csv,https://github.com/infracosteira/pluviometria/raw/main/data/postos_solo/FAZENDA_NORMAL.csv
FAZENDA_NOVA.csv,https://github.com/infracosteira/pluviometria/raw/main/data/postos_solo/FAZENDA_NOVA.csv
FAZENDA_PANCHAVATA.csv,https://github.com/infracosteira/pluviometria/raw/main/data/postos_solo/FAZENDA_PANCHAVATA.csv
FAZENDA_PAPAGAIO.csv,https://github.com/infracosteira/pluviometria/raw/main/data/postos_solo/FAZENDA_PAPAGAIO.csv
FAZENDA_PAU_D'ARCO.csv,https://github.com/infracosteira/pluviometria/raw/main/data/postos_solo/FAZENDA_PAU_D'ARCO.csv
FAZENDA_POCO_DA_PEDRA.csv,https://github.com/infracosteira/pluviometria/raw/main/data/postos_solo/FAZENDA_POCO_DA_PEDRA.csv
FAZENDA_POCO_VERDE.csv,https://github.com/infracosteira/pluviometria/raw/main/data/postos_solo/FAZENDA_POCO_VERDE.csv
FAZENDA_SANTA_HELENA.csv,https://github.com/infracosteira/pluviometria/raw/main/data/postos_solo/FAZENDA_SANTA_HELENA.csv
FAZENDA_SANTA_LUIZA.csv,https://github.com/infracosteira/pluviometria/raw/main/data/postos_solo/FAZENDA_SANTA_LUIZA.csv
FAZENDA_S�O_DOMINGOS.csv,https://github.com/infracosteira/pluviometria/raw/main/data/postos_solo/FAZENDA_S�O_DOMINGOS.csv
FAZENDA_TAPUIO.csv,https://github.com/infracosteira/pluviometria/raw/main/data/postos_solo/FAZENDA_TAPUIO.csv
FAZENDA_TIO_COSME.csv,https://github.com/infracosteira/pluviometria/raw/main/data/postos_solo/FAZENDA_TIO_COSME.csv
FAZENDA_VARZEA_ALEGRE.csv,https://github.com/infracosteira/pluviometria/raw/main/data/postos_solo/FAZENDA_VARZEA_ALEGRE.csv
FECHADO.csv,https://github.com/infracosteira/pluviometria/raw/main/data/postos_solo/FECHADO.csv
FEITICEIRO.csv,https://github.com/infracosteira/pluviometria/raw/main/data/postos_solo/FEITICEIRO.csv
FELIZARDO.csv,https://github.com/infracosteira/pluviometria/raw/main/data/postos_solo/FELIZARDO.csv
FIGUEIREDO.csv,https://github.com/infracosteira/pluviometria/raw/main/data/postos_solo/FIGUEIREDO.csv
FLAMENGO.csv,https://github.com/infracosteira/pluviometria/raw/main/data/postos_solo/FLAMENGO.csv
FLORES.csv,https://github.com/infracosteira/pluviometria/raw/main/data/postos_solo/FLORES.csv
FORQUILHA.csv,https://github.com/infracosteira/pluviometria/raw/main/data/postos_solo/FORQUILHA.csv
FORTIM.csv,https://github.com/infracosteira/pluviometria/raw/main/data/postos_solo/FORTIM.csv
FRECHEIRINHA.csv,https://github.com/infracosteira/pluviometria/raw/main/data/postos_solo/FRECHEIRINHA.csv
FUNCEME.csv,https://github.com/infracosteira/pluviometria/raw/main/data/postos_solo/FUNCEME.csv
FUND.MA.NILVA(AGUA_FRIA).csv,https://github.com/infracosteira/pluviometria/raw/main/data/postos_solo/FUND.MA.NILVA(AGUA_FRIA).csv
FURNAS.csv,https://github.com/infracosteira/pluviometria/raw/main/data/postos_solo/FURNAS.csv
FZ._AGUAPE.csv,https://github.com/infracosteira/pluviometria/raw/main/data/postos_solo/FZ._AGUAPE.csv
FZ._SANTA_ROSA.csv,https://github.com/infracosteira/pluviometria/raw/main/data/postos_solo/FZ._SANTA_ROSA.csv
FZ._SAO_LOURENCO.csv,https://github.com/infracosteira/pluviometria/raw/main/data/postos_solo/FZ._SAO_LOURENCO.csv
GAMELEIRA.csv,https://github.com/infracosteira/pluviometria/raw/main/data/postos_solo/GAMELEIRA.csv
GAMELEIRO_DE_S._SEBASTIAO.csv,https://github.com/infracosteira/pluviometria/raw/main/data/postos_solo/GAMELEIRO_DE_S._SEBASTIAO.csv
GAZEA.csv,https://github.com/infracosteira/pluviometria/raw/main/data/postos_solo/GAZEA.csv
GENERAL_SAMPAIO.csv,https://github.com/infracosteira/pluviometria/raw/main/data/postos_solo/GENERAL_SAMPAIO.csv
GENERAL_TIBURCIO.csv,https://github.com/infracosteira/pluviometria/raw/main/data/postos_solo/GENERAL_TIBURCIO.csv
GIQUI.csv,https://github.com/infracosteira/pluviometria/raw/main/data/postos_solo/GIQUI.csv
GRACA.csv,https://github.com/infracosteira/pluviometria/raw/main/data/postos_solo/GRACA.csv
GRANJA.csv,https://github.com/infracosteira/pluviometria/raw/main/data/postos_solo/GRANJA.csv
GRANJEIRO.csv,https://github.com/infracosteira/pluviometria/raw/main/data/postos_solo/GRANJEIRO.csv
GROAIRAS.csv,https://github.com/infracosteira/pluviometria/raw/main/data/postos_solo/GROAIRAS.csv
GUAIUBA.csv,https://github.com/infracosteira/pluviometria/raw/main/data/postos_solo/GUAIUBA.csv
GUANACES.csv,https://github.com/infracosteira/pluviometria/raw/main/data/postos_solo/GUANACES.csv
GUARACIABA_DO_NORTE.csv,https://github.com/infracosteira/pluviometria/raw/main/data/postos_solo/GUARACIABA_DO_NORTE.csv
GUARAMIRANGA.csv,https://github.com/infracosteira/pluviometria/raw/main/data/postos_solo/GUARAMIRANGA.csv
GUARIBAS.csv,https://github.com/infracosteira/pluviometria/raw/main/data/postos_solo/GUARIBAS.csv
GUASSUSSE.csv,https://github.com/infracosteira/pluviometria/raw/main/data/postos_solo/GUASSUSSE.csv
GURIU.csv,https://github.com/infracosteira/pluviometria/raw/main/data/postos_solo/GURIU.csv
HIDROLANDIA.csv,https://github.com/infracosteira/pluviometria/raw/main/data/postos_solo/HIDROLANDIA.csv
HORIZONTE.csv,https://github.com/infracosteira/pluviometria/raw/main/data/postos_solo/HORIZONTE.csv
HOTEL_VALE_DAS_NUVENS.csv,https://github.com/infracosteira/pluviometria/raw/main/data/postos_solo/HOTEL_VALE_DAS_NUVENS.csv
IAPI.csv,https://github.com/infracosteira/pluviometria/raw/main/data/postos_solo/IAPI.csv
IBARETAMA.csv,https://github.com/infracosteira/pluviometria/raw/main/data/postos_solo/IBARETAMA.csv
IBIAPABA.csv,https://github.com/infracosteira/pluviometria/raw/main/data/postos_solo/IBIAPABA.csv
IBIAPINA.csv,https://github.com/infracosteira/pluviometria/raw/main/data/postos_solo/IBIAPINA.csv
IBICUA.csv,https://github.com/infracosteira/pluviometria/raw/main/data/postos_solo/IBICUA.csv
IBICUITINGA.csv,https://github.com/infracosteira/pluviometria/raw/main/data/postos_solo/IBICUITINGA.csv
IBOREPI.csv,https://github.com/infracosteira/pluviometria/raw/main/data/postos_solo/IBOREPI.csv
IBUACU.csv,https://github.com/infracosteira/pluviometria/raw/main/data/postos_solo/IBUACU.csv
IBUGUACU.csv,https://github.com/infracosteira/pluviometria/raw/main/data/postos_solo/IBUGUACU.csv
ICAPUI.csv,https://github.com/infracosteira/pluviometria/raw/main/data/postos_solo/ICAPUI.csv
ICARAI.csv,https://github.com/infracosteira/pluviometria/raw/main/data/postos_solo/ICARAI.csv
ICARAI_DE_AMONTADA.csv,https://github.com/infracosteira/pluviometria/raw/main/data/postos_solo/ICARAI_DE_AMONTADA.csv
ICO.csv,https://github.com/infracosteira/pluviometria/raw/main/data/postos_solo/ICO.csv
ICOZINHO.csv,https://github.com/infracosteira/pluviometria/raw/main/data/postos_solo/ICOZINHO.csv
IDEAL.csv,https://github.com/infracosteira/pluviometria/raw/main/data/postos_solo/IDEAL.csv
IFCE_QUIXADA.csv,https://github.com/infracosteira/pluviometria/raw/main/data/postos_solo/IFCE_QUIXADA.csv
IGUATU.csv,https://github.com/infracosteira/pluviometria/raw/main/data/postos_solo/IGUATU.csv
INB_ITATAIA.csv,https://github.com/infracosteira/pluviometria/raw/main/data/postos_solo/INB_ITATAIA.csv
INDEPENDENCIA.csv,https://github.com/infracosteira/pluviometria/raw/main/data/postos_solo/INDEPENDENCIA.csv
INGAZEIRA.csv,https://github.com/infracosteira/pluviometria/raw/main/data/postos_solo/INGAZEIRA.csv
INHUPORANGA.csv,https://github.com/infracosteira/pluviometria/raw/main/data/postos_solo/INHUPORANGA.csv
IPAPORANGA.csv,https://github.com/infracosteira/pluviometria/raw/main/data/postos_solo/IPAPORANGA.csv
IPAUMIRIM.csv,https://github.com/infracosteira/pluviometria/raw/main/data/postos_solo/IPAUMIRIM.csv
IPU.csv,https://github.com/infracosteira/pluviometria/raw/main/data/postos_solo/IPU.csv
IPUEIRAS.csv,https://github.com/infracosteira/pluviometria/raw/main/data/postos_solo/IPUEIRAS.csv
IRACEMA.csv,https://github.com/infracosteira/pluviometria/raw/main/data/postos_solo/IRACEMA.csv
IRAPUA.csv,https://github.com/infracosteira/pluviometria/raw/main/data/postos_solo/IRAPUA.csv
IRAUCUBA.csv,https://github.com/infracosteira/pluviometria/raw/main/data/postos_solo/IRAUCUBA.csv
ITACOLOMI.csv,https://github.com/infracosteira/pluviometria/raw/main/data/postos_solo/ITACOLOMI.csv
ITAGUA.csv,https://github.com/infracosteira/pluviometria/raw/main/data/postos_solo/ITAGUA.csv
ITAICABA.csv,https://github.com/infracosteira/pluviometria/raw/main/data/postos_solo/ITAICABA.csv
ITAIPABA.csv,https://github.com/infracosteira/pluviometria/raw/main/data/postos_solo/ITAIPABA.csv
ITAITINGA.csv,https://github.com/infracosteira/pluviometria/raw/main/data/postos_solo/ITAITINGA.csv
ITAPAJE.csv,https://github.com/infracosteira/pluviometria/raw/main/data/postos_solo/ITAPAJE.csv
ITAPEBUSSU.csv,https://github.com/infracosteira/pluviometria/raw/main/data/postos_solo/ITAPEBUSSU.csv
ITAPEIM.csv,https://github.com/infracosteira/pluviometria/raw/main/data/postos_solo/ITAPEIM.csv
ITAPIPOCA.csv,https://github.com/infracosteira/pluviometria/raw/main/data/postos_solo/ITAPIPOCA.csv
ITAPIUNA.csv,https://github.com/infracosteira/pluviometria/raw/main/data/postos_solo/ITAPIUNA.csv
ITAREMA.csv,https://github.com/infracosteira/pluviometria/raw/main/data/postos_solo/ITAREMA.csv
ITATAIA.csv,https://github.com/infracosteira/pluviometria/raw/main/data/postos_solo/ITATAIA.csv
ITATIRA.csv,https://github.com/infracosteira/pluviometria/raw/main/data/postos_solo/ITATIRA.csv
JABURU.csv,https://github.com/infracosteira/pluviometria/raw/main/data/postos_solo/JABURU.csv
JACAMPARI.csv,https://github.com/infracosteira/pluviometria/raw/main/data/postos_solo/JACAMPARI.csv
JACUIPE_NASCENTE.csv,https://github.com/infracosteira/pluviometria/raw/main/data/postos_solo/JACUIPE_NASCENTE.csv
JAGUARETAMA.csv,https://github.com/infracosteira/pluviometria/raw/main/data/postos_solo/JAGUARETAMA.csv
JAGUARIBARA.csv,https://github.com/infracosteira/pluviometria/raw/main/data/postos_solo/JAGUARIBARA.csv
JAGUARIBE.csv,https://github.com/infracosteira/pluviometria/raw/main/data/postos_solo/JAGUARIBE.csv
JAGUARUANA.csv,https://github.com/infracosteira/pluviometria/raw/main/data/postos_solo/JAGUARUANA.csv
JAIBARAS.csv,https://github.com/infracosteira/pluviometria/raw/main/data/postos_solo/JAIBARAS.csv
JAMACARU.csv,https://github.com/infracosteira/pluviometria/raw/main/data/postos_solo/JAMACARU.csv
JANDRANGOEIRA.csv,https://github.com/infracosteira/pluviometria/raw/main/data/postos_solo/JANDRANGOEIRA.csv
JARDIM.csv,https://github.com/infracosteira/pluviometria/raw/main/data/postos_solo/JARDIM.csv
JARDIM_DO_MEIO.csv,https://github.com/infracosteira/pluviometria/raw/main/data/postos_solo/JARDIM_DO_MEIO.csv
JARDIM_MIRIM.csv,https://github.com/infracosteira/pluviometria/raw/main/data/postos_solo/JARDIM_MIRIM.csv
JATI.csv,https://github.com/infracosteira/pluviometria/raw/main/data/postos_solo/JATI.csv
JATOBA.csv,https://github.com/infracosteira/pluviometria/raw/main/data/postos_solo/JATOBA.csv
JERICOACOARA.csv,https://github.com/infracosteira/pluviometria/raw/main/data/postos_solo/JERICOACOARA.csv
JIJOCA_DE_JERICOACOARA.csv,https://github.com/infracosteira/pluviometria/raw/main/data/postos_solo/JIJOCA_DE_JERICOACOARA.csv
JORDAO.csv,https://github.com/infracosteira/pluviometria/raw/main/data/postos_solo/JORDAO.csv
JOSE_DE_ALENCAR.csv,https://github.com/infracosteira/pluviometria/raw/main/data/postos_solo/JOSE_DE_ALENCAR.csv
JUA.csv,https://github.com/infracosteira/pluviometria/raw/main/data/postos_solo/JUA.csv
JUATAMA.csv,https://github.com/infracosteira/pluviometria/raw/main/data/postos_solo/JUATAMA.csv
JUAZEIRO_DO_NORTE.csv,https://github.com/infracosteira/pluviometria/raw/main/data/postos_solo/JUAZEIRO_DO_NORTE.csv
JUBAIA.csv,https://github.com/infracosteira/pluviometria/raw/main/data/postos_solo/JUBAIA.csv
JUCA.csv,https://github.com/infracosteira/pluviometria/raw/main/data/postos_solo/JUCA.csv
JUCAS.csv,https://github.com/infracosteira/pluviometria/raw/main/data/postos_solo/JUCAS.csv
JUREMA.csv,https://github.com/infracosteira/pluviometria/raw/main/data/postos_solo/JUREMA.csv
LACERDA.csv,https://github.com/infracosteira/pluviometria/raw/main/data/postos_solo/LACERDA.csv
LADEIRA_GRANDE.csv,https://github.com/infracosteira/pluviometria/raw/main/data/postos_solo/LADEIRA_GRANDE.csv
LAGEDO.csv,https://github.com/infracosteira/pluviometria/raw/main/data/postos_solo/LAGEDO.csv
LAGOA_DA_SERRA.csv,https://github.com/infracosteira/pluviometria/raw/main/data/postos_solo/LAGOA_DA_SERRA.csv
LAGOA_DE_SANTO_ANTONIO.csv,https://github.com/infracosteira/pluviometria/raw/main/data/postos_solo/LAGOA_DE_SANTO_ANTONIO.csv
LAGOA_DO_CARNEIRO.csv,https://github.com/infracosteira/pluviometria/raw/main/data/postos_solo/LAGOA_DO_CARNEIRO.csv
LAGOA_DO_JUVENAL.csv,https://github.com/infracosteira/pluviometria/raw/main/data/postos_solo/LAGOA_DO_JUVENAL.csv
LAGOA_DO_MATO.csv,https://github.com/infracosteira/pluviometria/raw/main/data/postos_solo/LAGOA_DO_MATO.csv
LAGOA_DO_PORCO.csv,https://github.com/infracosteira/pluviometria/raw/main/data/postos_solo/LAGOA_DO_PORCO.csv
LAGOA_FUNDA.csv,https://github.com/infracosteira/pluviometria/raw/main/data/postos_solo/LAGOA_FUNDA.csv
LAGOA_GRANDE-COCOGI.csv,https://github.com/infracosteira/pluviometria/raw/main/data/postos_solo/LAGOA_GRANDE-COCOGI.csv
LAGOA_GRANDE.csv,https://github.com/infracosteira/pluviometria/raw/main/data/postos_solo/LAGOA_GRANDE.csv
LAGOINHA.csv,https://github.com/infracosteira/pluviometria/raw/main/data/postos_solo/LAGOINHA.csv
LAMBEDOURO.csv,https://github.com/infracosteira/pluviometria/raw/main/data/postos_solo/LAMBEDOURO.csv
LAMEIRO.csv,https://github.com/infracosteira/pluviometria/raw/main/data/postos_solo/LAMEIRO.csv
LAVRAS_DA_MANGABEIRA.csv,https://github.com/infracosteira/pluviometria/raw/main/data/postos_solo/LAVRAS_DA_MANGABEIRA.csv
LIMA_CAMPOS.csv,https://github.com/infracosteira/pluviometria/raw/main/data/postos_solo/LIMA_CAMPOS.csv
LIMOEIRO.csv,https://github.com/infracosteira/pluviometria/raw/main/data/postos_solo/LIMOEIRO.csv
LIMOEIRO_DO_NORTE.csv,https://github.com/infracosteira/pluviometria/raw/main/data/postos_solo/LIMOEIRO_DO_NORTE.csv
LISIEUX.csv,https://github.com/infracosteira/pluviometria/raw/main/data/postos_solo/LISIEUX.csv
LOGRADOURO.csv,https://github.com/infracosteira/pluviometria/raw/main/data/postos_solo/LOGRADOURO.csv
MACAOCA.csv,https://github.com/infracosteira/pluviometria/raw/main/data/postos_solo/MACAOCA.csv
MACARAU.csv,https://github.com/infracosteira/pluviometria/raw/main/data/postos_solo/MACARAU.csv
MADALENA.csv,https://github.com/infracosteira/pluviometria/raw/main/data/postos_solo/MADALENA.csv
MALHADA_GRANDE.csv,https://github.com/infracosteira/pluviometria/raw/main/data/postos_solo/MALHADA_GRANDE.csv
MANGABEIRA.csv,https://github.com/infracosteira/pluviometria/raw/main/data/postos_solo/MANGABEIRA.csv
MANHOSO.csv,https://github.com/infracosteira/pluviometria/raw/main/data/postos_solo/MANHOSO.csv
MANITUBA.csv,https://github.com/infracosteira/pluviometria/raw/main/data/postos_solo/MANITUBA.csv
MANOEL_CORREIA.csv,https://github.com/infracosteira/pluviometria/raw/main/data/postos_solo/MANOEL_CORREIA.csv
MARACAJA.csv,https://github.com/infracosteira/pluviometria/raw/main/data/postos_solo/MARACAJA.csv
MARACANAU.csv,https://github.com/infracosteira/pluviometria/raw/main/data/postos_solo/MARACANAU.csv
MARANGUAPE.csv,https://github.com/infracosteira/pluviometria/raw/main/data/postos_solo/MARANGUAPE.csv
MARARUPA.csv,https://github.com/infracosteira/pluviometria/raw/main/data/postos_solo/MARARUPA.csv
MARCO.csv,https://github.com/infracosteira/pluviometria/raw/main/data/postos_solo/MARCO.csv
MARRECAS.csv,https://github.com/infracosteira/pluviometria/raw/main/data/postos_solo/MARRECAS.csv
MARRUAS.csv,https://github.com/infracosteira/pluviometria/raw/main/data/postos_solo/MARRUAS.csv
MARRUAS_DOS_PAIVA.csv,https://github.com/infracosteira/pluviometria/raw/main/data/postos_solo/MARRUAS_DOS_PAIVA.csv
MARTINOPOLE.csv,https://github.com/infracosteira/pluviometria/raw/main/data/postos_solo/MARTINOPOLE.csv
MASSAPE.csv,https://github.com/infracosteira/pluviometria/raw/main/data/postos_solo/MASSAPE.csv
MATA_FRESCA.csv,https://github.com/infracosteira/pluviometria/raw/main/data/postos_solo/MATA_FRESCA.csv
MATRIZ.csv,https://github.com/infracosteira/pluviometria/raw/main/data/postos_solo/MATRIZ.csv
MAURITI.csv,https://github.com/infracosteira/pluviometria/raw/main/data/postos_solo/MAURITI.csv
MEL.csv,https://github.com/infracosteira/pluviometria/raw/main/data/postos_solo/MEL.csv
MELANCIAS.csv,https://github.com/infracosteira/pluviometria/raw/main/data/postos_solo/MELANCIAS.csv
MERUOCA.csv,https://github.com/infracosteira/pluviometria/raw/main/data/postos_solo/MERUOCA.csv
MESSEJANA.csv,https://github.com/infracosteira/pluviometria/raw/main/data/postos_solo/MESSEJANA.csv
MILAGRES.csv,https://github.com/infracosteira/pluviometria/raw/main/data/postos_solo/MILAGRES.csv
MILHA.csv,https://github.com/infracosteira/pluviometria/raw/main/data/postos_solo/MILHA.csv
MINEIROLANDIA.csv,https://github.com/infracosteira/pluviometria/raw/main/data/postos_solo/MINEIROLANDIA.csv
MIRAIMA.csv,https://github.com/infracosteira/pluviometria/raw/main/data/postos_solo/MIRAIMA.csv
MISSAO_VELHA.csv,https://github.com/infracosteira/pluviometria/raw/main/data/postos_solo/MISSAO_VELHA.csv
MISSI.csv,https://github.com/infracosteira/pluviometria/raw/main/data/postos_solo/MISSI.csv
MOITAS.csv,https://github.com/infracosteira/pluviometria/raw/main/data/postos_solo/MOITAS.csv
MOMBACA.csv,https://github.com/infracosteira/pluviometria/raw/main/data/postos_solo/MOMBACA.csv
MONDUBIM.csv,https://github.com/infracosteira/pluviometria/raw/main/data/postos_solo/MONDUBIM.csv
MONGUBA.csv,https://github.com/infracosteira/pluviometria/raw/main/data/postos_solo/MONGUBA.csv
MONSENHOR_TABOSA.csv,https://github.com/infracosteira/pluviometria/raw/main/data/postos_solo/MONSENHOR_TABOSA.csv
MONTEIRO.csv,https://github.com/infracosteira/pluviometria/raw/main/data/postos_solo/MONTEIRO.csv
MONTE_ALEGRE.csv,https://github.com/infracosteira/pluviometria/raw/main/data/postos_solo/MONTE_ALEGRE.csv
MONTE_NEBO.csv,https://github.com/infracosteira/pluviometria/raw/main/data/postos_solo/MONTE_NEBO.csv
MONTE_SINAI.csv,https://github.com/infracosteira/pluviometria/raw/main/data/postos_solo/MONTE_SINAI.csv
MORADA_NOVA.csv,https://github.com/infracosteira/pluviometria/raw/main/data/postos_solo/MORADA_NOVA.csv
MORAUJO.csv,https://github.com/infracosteira/pluviometria/raw/main/data/postos_solo/MORAUJO.csv
MORRINHOS.csv,https://github.com/infracosteira/pluviometria/raw/main/data/postos_solo/MORRINHOS.csv
MORRINHOS_NOVOS.csv,https://github.com/infracosteira/pluviometria/raw/main/data/postos_solo/MORRINHOS_NOVOS.csv
MORRO_ALEGRE.csv,https://github.com/infracosteira/pluviometria/raw/main/data/postos_solo/MORRO_ALEGRE.csv
MUCAMBO.csv,https://github.com/infracosteira/pluviometria/raw/main/data/postos_solo/MUCAMBO.csv
MULUNGU.csv,https://github.com/infracosteira/pluviometria/raw/main/data/postos_solo/MULUNGU.csv
MUQUEM.csv,https://github.com/infracosteira/pluviometria/raw/main/data/postos_solo/MUQUEM.csv
MURIBECA.csv,https://github.com/infracosteira/pluviometria/raw/main/data/postos_solo/MURIBECA.csv
MUSEU_RODOLFO_TEOFILO.csv,https://github.com/infracosteira/pluviometria/raw/main/data/postos_solo/MUSEU_RODOLFO_TEOFILO.csv
MUTAMBEIRA.csv,https://github.com/infracosteira/pluviometria/raw/main/data/postos_solo/MUTAMBEIRA.csv
NENELANDIA.csv,https://github.com/infracosteira/pluviometria/raw/main/data/postos_solo/NENELANDIA.csv
NOSSA_SRA._DO_LIVRAMENTO.csv,https://github.com/infracosteira/pluviometria/raw/main/data/postos_solo/NOSSA_SRA._DO_LIVRAMENTO.csv
NOVA_BETANIA.csv,https://github.com/infracosteira/pluviometria/raw/main/data/postos_solo/NOVA_BETANIA.csv
NOVA_CONQUISTA.csv,https://github.com/infracosteira/pluviometria/raw/main/data/postos_solo/NOVA_CONQUISTA.csv
NOVA_FLORESTA.csv,https://github.com/infracosteira/pluviometria/raw/main/data/postos_solo/NOVA_FLORESTA.csv
NOVA_OLINDA.csv,https://github.com/infracosteira/pluviometria/raw/main/data/postos_solo/NOVA_OLINDA.csv
NOVA_RUSSAS.csv,https://github.com/infracosteira/pluviometria/raw/main/data/postos_solo/NOVA_RUSSAS.csv
NOVO_ASSIS.csv,https://github.com/infracosteira/pluviometria/raw/main/data/postos_solo/NOVO_ASSIS.csv
NOVO_GRANGEIRO.csv,https://github.com/infracosteira/pluviometria/raw/main/data/postos_solo/NOVO_GRANGEIRO.csv
NOVO_HORIZONTE.csv,https://github.com/infracosteira/pluviometria/raw/main/data/postos_solo/NOVO_HORIZONTE.csv
NOVO_MARACANAU.csv,https://github.com/infracosteira/pluviometria/raw/main/data/postos_solo/NOVO_MARACANAU.csv
NOVO_ORIENTE.csv,https://github.com/infracosteira/pluviometria/raw/main/data/postos_solo/NOVO_ORIENTE.csv
OCARA.csv,https://github.com/infracosteira/pluviometria/raw/main/data/postos_solo/OCARA.csv
OLHO_DAGUA.csv,https://github.com/infracosteira/pluviometria/raw/main/data/postos_solo/OLHO_DAGUA.csv
OLHO_DAGUA_DA_BICA.csv,https://github.com/infracosteira/pluviometria/raw/main/data/postos_solo/OLHO_DAGUA_DA_BICA.csv
OLIVEIRA.csv,https://github.com/infracosteira/pluviometria/raw/main/data/postos_solo/OLIVEIRA.csv
OROS.csv,https://github.com/infracosteira/pluviometria/raw/main/data/postos_solo/OROS.csv
PACAJUS.csv,https://github.com/infracosteira/pluviometria/raw/main/data/postos_solo/PACAJUS.csv
PACATUBA.csv,https://github.com/infracosteira/pluviometria/raw/main/data/postos_solo/PACATUBA.csv
PACOTI.csv,https://github.com/infracosteira/pluviometria/raw/main/data/postos_solo/PACOTI.csv
PACO_MUNICIPAL.csv,https://github.com/infracosteira/pluviometria/raw/main/data/postos_solo/PACO_MUNICIPAL.csv
PACUJA.csv,https://github.com/infracosteira/pluviometria/raw/main/data/postos_solo/PACUJA.csv
PADRE_VIEIRA.csv,https://github.com/infracosteira/pluviometria/raw/main/data/postos_solo/PADRE_VIEIRA.csv
PAI_JOAO.csv,https://github.com/infracosteira/pluviometria/raw/main/data/postos_solo/PAI_JOAO.csv
PAJEU.csv,https://github.com/infracosteira/pluviometria/raw/main/data/postos_solo/PAJEU.csv
PALESTINA.csv,https://github.com/infracosteira/pluviometria/raw/main/data/postos_solo/PALESTINA.csv
PALESTINA_DO_CARIRI.csv,https://github.com/infracosteira/pluviometria/raw/main/data/postos_solo/PALESTINA_DO_CARIRI.csv
PALHANO.csv,https://github.com/infracosteira/pluviometria/raw/main/data/postos_solo/PALHANO.csv
PALMACIA.csv,https://github.com/infracosteira/pluviometria/raw/main/data/postos_solo/PALMACIA.csv
PALMATORIA.csv,https://github.com/infracosteira/pluviometria/raw/main/data/postos_solo/PALMATORIA.csv
PANACUI.csv,https://github.com/infracosteira/pluviometria/raw/main/data/postos_solo/PANACUI.csv
PARACUA.csv,https://github.com/infracosteira/pluviometria/raw/main/data/postos_solo/PARACUA.csv
PARACURU.csv,https://github.com/infracosteira/pluviometria/raw/main/data/postos_solo/PARACURU.csv
PARAIPABA.csv,https://github.com/infracosteira/pluviometria/raw/main/data/postos_solo/PARAIPABA.csv
PARAISO.csv,https://github.com/infracosteira/pluviometria/raw/main/data/postos_solo/PARAISO.csv
PARAMBU.csv,https://github.com/infracosteira/pluviometria/raw/main/data/postos_solo/PARAMBU.csv
PARAMOTI.csv,https://github.com/infracosteira/pluviometria/raw/main/data/postos_solo/PARAMOTI.csv
PARAPUI.csv,https://github.com/infracosteira/pluviometria/raw/main/data/postos_solo/PARAPUI.csv
PARAZINHO.csv,https://github.com/infracosteira/pluviometria/raw/main/data/postos_solo/PARAZINHO.csv
PARIPUEIRA.csv,https://github.com/infracosteira/pluviometria/raw/main/data/postos_solo/PARIPUEIRA.csv
PARQUELANDIA.csv,https://github.com/infracosteira/pluviometria/raw/main/data/postos_solo/PARQUELANDIA.csv
PARQUE_ECOLOGICO_DO_COCO.csv,https://github.com/infracosteira/pluviometria/raw/main/data/postos_solo/PARQUE_ECOLOGICO_DO_COCO.csv
PARQUE_SAO_JOAO.csv,https://github.com/infracosteira/pluviometria/raw/main/data/postos_solo/PARQUE_SAO_JOAO.csv
PASSAGEM_-_FOGAREIRO.csv,https://github.com/infracosteira/pluviometria/raw/main/data/postos_solo/PASSAGEM_-_FOGAREIRO.csv
PATOS.csv,https://github.com/infracosteira/pluviometria/raw/main/data/postos_solo/PATOS.csv
PATOS_DOS_LIBERATOS.csv,https://github.com/infracosteira/pluviometria/raw/main/data/postos_solo/PATOS_DOS_LIBERATOS.csv
PATRIARCA.csv,https://github.com/infracosteira/pluviometria/raw/main/data/postos_solo/PATRIARCA.csv
PAUS_BRANCOS_.csv,https://github.com/infracosteira/pluviometria/raw/main/data/postos_solo/PAUS_BRANCOS_.csv
PAU_FERRO.csv,https://github.com/infracosteira/pluviometria/raw/main/data/postos_solo/PAU_FERRO.csv
PECEM.csv,https://github.com/infracosteira/pluviometria/raw/main/data/postos_solo/PECEM.csv
PEDRA_BRANCA.csv,https://github.com/infracosteira/pluviometria/raw/main/data/postos_solo/PEDRA_BRANCA.csv
PEDRINHAS.csv,https://github.com/infracosteira/pluviometria/raw/main/data/postos_solo/PEDRINHAS.csv
PEIXE.csv,https://github.com/infracosteira/pluviometria/raw/main/data/postos_solo/PEIXE.csv
PEIXE_GORDO.csv,https://github.com/infracosteira/pluviometria/raw/main/data/postos_solo/PEIXE_GORDO.csv
PENAFORTE.csv,https://github.com/infracosteira/pluviometria/raw/main/data/postos_solo/PENAFORTE.csv
PENTECOSTE.csv,https://github.com/infracosteira/pluviometria/raw/main/data/postos_solo/PENTECOSTE.csv
PEREIRO.csv,https://github.com/infracosteira/pluviometria/raw/main/data/postos_solo/PEREIRO.csv
PESSOA_ANTA.csv,https://github.com/infracosteira/pluviometria/raw/main/data/postos_solo/PESSOA_ANTA.csv
PICADA.csv,https://github.com/infracosteira/pluviometria/raw/main/data/postos_solo/PICADA.csv
PICI.csv,https://github.com/infracosteira/pluviometria/raw/main/data/postos_solo/PICI.csv
PIEDADE.csv,https://github.com/infracosteira/pluviometria/raw/main/data/postos_solo/PIEDADE.csv
PINDOGUABA.csv,https://github.com/infracosteira/pluviometria/raw/main/data/postos_solo/PINDOGUABA.csv
PINDORETAMA.csv,https://github.com/infracosteira/pluviometria/raw/main/data/postos_solo/PINDORETAMA.csv
PIQUET_CARNEIRO.csv,https://github.com/infracosteira/pluviometria/raw/main/data/postos_solo/PIQUET_CARNEIRO.csv
PIRANGI.csv,https://github.com/infracosteira/pluviometria/raw/main/data/postos_solo/PIRANGI.csv
PIRES_FERREIRA.csv,https://github.com/infracosteira/pluviometria/raw/main/data/postos_solo/PIRES_FERREIRA.csv
PITOMBEIRA.csv,https://github.com/infracosteira/pluviometria/raw/main/data/postos_solo/PITOMBEIRA.csv
PITOMBEIRA_(2).csv,https://github.com/infracosteira/pluviometria/raw/main/data/postos_solo/PITOMBEIRA_(2).csv
pluvio.posto_AGRICOLA.csv,https://github.com/infracosteira/pluviometria/raw/main/data/postos_solo/pluvio.posto_AGRICOLA.csv
POCO_DA_AREIA.csv,https://github.com/infracosteira/pluviometria/raw/main/data/postos_solo/POCO_DA_AREIA.csv
POCO_DOCE.csv,https://github.com/infracosteira/pluviometria/raw/main/data/postos_solo/POCO_DOCE.csv
POCO_DO_PAU.csv,https://github.com/infracosteira/pluviometria/raw/main/data/postos_solo/POCO_DO_PAU.csv
POCO_GRANDE.csv,https://github.com/infracosteira/pluviometria/raw/main/data/postos_solo/POCO_GRANDE.csv
PONTA_DA_SERRA.csv,https://github.com/infracosteira/pluviometria/raw/main/data/postos_solo/PONTA_DA_SERRA.csv
PORANGA.csv,https://github.com/infracosteira/pluviometria/raw/main/data/postos_solo/PORANGA.csv
PORTEIRAS.csv,https://github.com/infracosteira/pluviometria/raw/main/data/postos_solo/PORTEIRAS.csv
POTENGI.csv,https://github.com/infracosteira/pluviometria/raw/main/data/postos_solo/POTENGI.csv
POTI-FEIJAO.csv,https://github.com/infracosteira/pluviometria/raw/main/data/postos_solo/POTI-FEIJAO.csv
POTIRETAMA.csv,https://github.com/infracosteira/pluviometria/raw/main/data/postos_solo/POTIRETAMA.csv
PRAIA_DA_BALEIA.csv,https://github.com/infracosteira/pluviometria/raw/main/data/postos_solo/PRAIA_DA_BALEIA.csv
PRATA.csv,https://github.com/infracosteira/pluviometria/raw/main/data/postos_solo/PRATA.csv
PRIMAVERA.csv,https://github.com/infracosteira/pluviometria/raw/main/data/postos_solo/PRIMAVERA.csv
PROVIDENCIA.csv,https://github.com/infracosteira/pluviometria/raw/main/data/postos_solo/PROVIDENCIA.csv
QUATIGUABA.csv,https://github.com/infracosteira/pluviometria/raw/main/data/postos_solo/QUATIGUABA.csv
QUIMAMI.csv,https://github.com/infracosteira/pluviometria/raw/main/data/postos_solo/QUIMAMI.csv
QUITAIUS.csv,https://github.com/infracosteira/pluviometria/raw/main/data/postos_solo/QUITAIUS.csv
QUITERIANOPOLIS.csv,https://github.com/infracosteira/pluviometria/raw/main/data/postos_solo/QUITERIANOPOLIS.csv
QUIXABINHA.csv,https://github.com/infracosteira/pluviometria/raw/main/data/postos_solo/QUIXABINHA.csv
QUIXADA.csv,https://github.com/infracosteira/pluviometria/raw/main/data/postos_solo/QUIXADA.csv
QUIXELO.csv,https://github.com/infracosteira/pluviometria/raw/main/data/postos_solo/QUIXELO.csv
QUIXERAMOBIM.csv,https://github.com/infracosteira/pluviometria/raw/main/data/postos_solo/QUIXERAMOBIM.csv
QUIXERE.csv,https://github.com/infracosteira/pluviometria/raw/main/data/postos_solo/QUIXERE.csv
QUIXOA.csv,https://github.com/infracosteira/pluviometria/raw/main/data/postos_solo/QUIXOA.csv
RADAR_QUIXERAMOBIM.csv,https://github.com/infracosteira/pluviometria/raw/main/data/postos_solo/RADAR_QUIXERAMOBIM.csv
RAFAEL_ARRUDA.csv,https://github.com/infracosteira/pluviometria/raw/main/data/postos_solo/RAFAEL_ARRUDA.csv
RAIMUNDO_MARTINS.csv,https://github.com/infracosteira/pluviometria/raw/main/data/postos_solo/RAIMUNDO_MARTINS.csv
RANCHO_AGUA_FRIA.csv,https://github.com/infracosteira/pluviometria/raw/main/data/postos_solo/RANCHO_AGUA_FRIA.csv
RECIFE.csv,https://github.com/infracosteira/pluviometria/raw/main/data/postos_solo/RECIFE.csv
REDENCAO.csv,https://github.com/infracosteira/pluviometria/raw/main/data/postos_solo/REDENCAO.csv
RERIUTABA.csv,https://github.com/infracosteira/pluviometria/raw/main/data/postos_solo/RERIUTABA.csv
RETIRO_GRANDE.csv,https://github.com/infracosteira/pluviometria/raw/main/data/postos_solo/RETIRO_GRANDE.csv
RIACHAO_DO_BANABUIU.csv,https://github.com/infracosteira/pluviometria/raw/main/data/postos_solo/RIACHAO_DO_BANABUIU.csv
RIACHO_DO_ALGODAO.csv,https://github.com/infracosteira/pluviometria/raw/main/data/postos_solo/RIACHO_DO_ALGODAO.csv
RIACHO_VERDE.csv,https://github.com/infracosteira/pluviometria/raw/main/data/postos_solo/RIACHO_VERDE.csv
RIACHO_VERMELHO.csv,https://github.com/infracosteira/pluviometria/raw/main/data/postos_solo/RIACHO_VERMELHO.csv
RINAR�.csv,https://github.com/infracosteira/pluviometria/raw/main/data/postos_solo/RINAR�.csv
ROLDAO.csv,https://github.com/infracosteira/pluviometria/raw/main/data/postos_solo/ROLDAO.csv
RUSSAS.csv,https://github.com/infracosteira/pluviometria/raw/main/data/postos_solo/RUSSAS.csv
SABIAGUABA.csv,https://github.com/infracosteira/pluviometria/raw/main/data/postos_solo/SABIAGUABA.csv
SABOEIRO.csv,https://github.com/infracosteira/pluviometria/raw/main/data/postos_solo/SABOEIRO.csv
SABONETE.csv,https://github.com/infracosteira/pluviometria/raw/main/data/postos_solo/SABONETE.csv
SACO_DO_BELEM.csv,https://github.com/infracosteira/pluviometria/raw/main/data/postos_solo/SACO_DO_BELEM.csv
SALAO.csv,https://github.com/infracosteira/pluviometria/raw/main/data/postos_solo/SALAO.csv
SALGADINHO.csv,https://github.com/infracosteira/pluviometria/raw/main/data/postos_solo/SALGADINHO.csv
SALGADO_DOS_MACHADOS.csv,https://github.com/infracosteira/pluviometria/raw/main/data/postos_solo/SALGADO_DOS_MACHADOS.csv
SALITRE.csv,https://github.com/infracosteira/pluviometria/raw/main/data/postos_solo/SALITRE.csv
SAMBAIBA.csv,https://github.com/infracosteira/pluviometria/raw/main/data/postos_solo/SAMBAIBA.csv
SANTANA.csv,https://github.com/infracosteira/pluviometria/raw/main/data/postos_solo/SANTANA.csv
SANTANA_DO_ACARAU.csv,https://github.com/infracosteira/pluviometria/raw/main/data/postos_solo/SANTANA_DO_ACARAU.csv
SANTANA_DO_CARIRI.csv,https://github.com/infracosteira/pluviometria/raw/main/data/postos_solo/SANTANA_DO_CARIRI.csv
SANTA_CRUZ.csv,https://github.com/infracosteira/pluviometria/raw/main/data/postos_solo/SANTA_CRUZ.csv
SANTA_FE.csv,https://github.com/infracosteira/pluviometria/raw/main/data/postos_solo/SANTA_FE.csv
SANTA_QUITERIA.csv,https://github.com/infracosteira/pluviometria/raw/main/data/postos_solo/SANTA_QUITERIA.csv
SANTA_TEREZA.csv,https://github.com/infracosteira/pluviometria/raw/main/data/postos_solo/SANTA_TEREZA.csv
SANTA_TEREZINHA.csv,https://github.com/infracosteira/pluviometria/raw/main/data/postos_solo/SANTA_TEREZINHA.csv
SANTA_VITORIA_-_LAGES.csv,https://github.com/infracosteira/pluviometria/raw/main/data/postos_solo/SANTA_VITORIA_-_LAGES.csv
SANTO_AMARO.csv,https://github.com/infracosteira/pluviometria/raw/main/data/postos_solo/SANTO_AMARO.csv
SANTO_ANTONIO.csv,https://github.com/infracosteira/pluviometria/raw/main/data/postos_solo/SANTO_ANTONIO.csv
SANTO_ANTONIO_DA_PINDOBA.csv,https://github.com/infracosteira/pluviometria/raw/main/data/postos_solo/SANTO_ANTONIO_DA_PINDOBA.csv
SANTO_ANT�NIO.csv,https://github.com/infracosteira/pluviometria/raw/main/data/postos_solo/SANTO_ANT�NIO.csv
SAO_BARTOLOMEU.csv,https://github.com/infracosteira/pluviometria/raw/main/data/postos_solo/SAO_BARTOLOMEU.csv
SAO_BENEDITO.csv,https://github.com/infracosteira/pluviometria/raw/main/data/postos_solo/SAO_BENEDITO.csv
SAO_BERNARDO.csv,https://github.com/infracosteira/pluviometria/raw/main/data/postos_solo/SAO_BERNARDO.csv
SAO_DOMINGOS.csv,https://github.com/infracosteira/pluviometria/raw/main/data/postos_solo/SAO_DOMINGOS.csv
SAO_FELIPE.csv,https://github.com/infracosteira/pluviometria/raw/main/data/postos_solo/SAO_FELIPE.csv
SAO_GONCALO_DO_AMARANTE.csv,https://github.com/infracosteira/pluviometria/raw/main/data/postos_solo/SAO_GONCALO_DO_AMARANTE.csv
SAO_JOAO_DO_JAGUARIBE.csv,https://github.com/infracosteira/pluviometria/raw/main/data/postos_solo/SAO_JOAO_DO_JAGUARIBE.csv
SAO_JOAO_DO_TRISSI.csv,https://github.com/infracosteira/pluviometria/raw/main/data/postos_solo/SAO_JOAO_DO_TRISSI.csv
SAO_JOAQUIM.csv,https://github.com/infracosteira/pluviometria/raw/main/data/postos_solo/SAO_JOAQUIM.csv
SAO_JOSE.csv,https://github.com/infracosteira/pluviometria/raw/main/data/postos_solo/SAO_JOSE.csv
SAO_JOSE_DAS_LONTRAS.csv,https://github.com/infracosteira/pluviometria/raw/main/data/postos_solo/SAO_JOSE_DAS_LONTRAS.csv
SAO_JOSE_DO_FAMA.csv,https://github.com/infracosteira/pluviometria/raw/main/data/postos_solo/SAO_JOSE_DO_FAMA.csv
SAO_JOSE_DO_TORTO.csv,https://github.com/infracosteira/pluviometria/raw/main/data/postos_solo/SAO_JOSE_DO_TORTO.csv
SAO_LUIS_DO_CURU.csv,https://github.com/infracosteira/pluviometria/raw/main/data/postos_solo/SAO_LUIS_DO_CURU.csv
SAO_MANOEL.csv,https://github.com/infracosteira/pluviometria/raw/main/data/postos_solo/SAO_MANOEL.csv
SAO_MIGUEL.csv,https://github.com/infracosteira/pluviometria/raw/main/data/postos_solo/SAO_MIGUEL.csv
SAO_MONTE_ALEGRE.csv,https://github.com/infracosteira/pluviometria/raw/main/data/postos_solo/SAO_MONTE_ALEGRE.csv
SAO_ROMAO.csv,https://github.com/infracosteira/pluviometria/raw/main/data/postos_solo/SAO_ROMAO.csv
SAO_SEBASTIAO.csv,https://github.com/infracosteira/pluviometria/raw/main/data/postos_solo/SAO_SEBASTIAO.csv
SAO_VICENTE.csv,https://github.com/infracosteira/pluviometria/raw/main/data/postos_solo/SAO_VICENTE.csv
SARGENTO.csv,https://github.com/infracosteira/pluviometria/raw/main/data/postos_solo/SARGENTO.csv
SEBASTIAO_DE_ABREU.csv,https://github.com/infracosteira/pluviometria/raw/main/data/postos_solo/SEBASTIAO_DE_ABREU.csv
SEDE.csv,https://github.com/infracosteira/pluviometria/raw/main/data/postos_solo/SEDE.csv
SEMAN.csv,https://github.com/infracosteira/pluviometria/raw/main/data/postos_solo/SEMAN.csv
SENADOR_POMPEU.csv,https://github.com/infracosteira/pluviometria/raw/main/data/postos_solo/SENADOR_POMPEU.csv
SENADOR_SA.csv,https://github.com/infracosteira/pluviometria/raw/main/data/postos_solo/SENADOR_SA.csv
SERENO_DE_CIMA.csv,https://github.com/infracosteira/pluviometria/raw/main/data/postos_solo/SERENO_DE_CIMA.csv
SERRAGEM.csv,https://github.com/infracosteira/pluviometria/raw/main/data/postos_solo/SERRAGEM.csv
SERRA_BOCA_DA_MATA_L_.csv,https://github.com/infracosteira/pluviometria/raw/main/data/postos_solo/SERRA_BOCA_DA_MATA_L_.csv
SERRA_BRAVA.csv,https://github.com/infracosteira/pluviometria/raw/main/data/postos_solo/SERRA_BRAVA.csv
SERRA_DA_GUIA.csv,https://github.com/infracosteira/pluviometria/raw/main/data/postos_solo/SERRA_DA_GUIA.csv
SERRA_DO_BAIXIO_DO_MOCO.csv,https://github.com/infracosteira/pluviometria/raw/main/data/postos_solo/SERRA_DO_BAIXIO_DO_MOCO.csv
SERRA_DO_FELIX.csv,https://github.com/infracosteira/pluviometria/raw/main/data/postos_solo/SERRA_DO_FELIX.csv
SERRA__BREJINHO.csv,https://github.com/infracosteira/pluviometria/raw/main/data/postos_solo/SERRA__BREJINHO.csv
SERROTA.csv,https://github.com/infracosteira/pluviometria/raw/main/data/postos_solo/SERROTA.csv
SERROTE_BRANCO.csv,https://github.com/infracosteira/pluviometria/raw/main/data/postos_solo/SERROTE_BRANCO.csv
SINHA_SABOIA.csv,https://github.com/infracosteira/pluviometria/raw/main/data/postos_solo/SINHA_SABOIA.csv
SITIOS_NOVOS.csv,https://github.com/infracosteira/pluviometria/raw/main/data/postos_solo/SITIOS_NOVOS.csv
SITIO_ALEGRE.csv,https://github.com/infracosteira/pluviometria/raw/main/data/postos_solo/SITIO_ALEGRE.csv
SITIO_BAIXA_GRANDE.csv,https://github.com/infracosteira/pluviometria/raw/main/data/postos_solo/SITIO_BAIXA_GRANDE.csv
SITIO_BAIXIO_DAS_BESTAS.csv,https://github.com/infracosteira/pluviometria/raw/main/data/postos_solo/SITIO_BAIXIO_DAS_BESTAS.csv
SITIO_BICA.csv,https://github.com/infracosteira/pluviometria/raw/main/data/postos_solo/SITIO_BICA.csv
SITIO_BONSUCESSO.csv,https://github.com/infracosteira/pluviometria/raw/main/data/postos_solo/SITIO_BONSUCESSO.csv
SITIO_CAMPO_LIMPO.csv,https://github.com/infracosteira/pluviometria/raw/main/data/postos_solo/SITIO_CAMPO_LIMPO.csv
SITIO_CANTO.csv,https://github.com/infracosteira/pluviometria/raw/main/data/postos_solo/SITIO_CANTO.csv
SITIO_CATOL�_DA_PISTA.csv,https://github.com/infracosteira/pluviometria/raw/main/data/postos_solo/SITIO_CATOL�_DA_PISTA.csv
SITIO_CHAPADINHA.csv,https://github.com/infracosteira/pluviometria/raw/main/data/postos_solo/SITIO_CHAPADINHA.csv
SITIO_ESCONDIDO.csv,https://github.com/infracosteira/pluviometria/raw/main/data/postos_solo/SITIO_ESCONDIDO.csv
SITIO_FAVEIRA.csv,https://github.com/infracosteira/pluviometria/raw/main/data/postos_solo/SITIO_FAVEIRA.csv
SITIO_FERNANDES.csv,https://github.com/infracosteira/pluviometria/raw/main/data/postos_solo/SITIO_FERNANDES.csv
SITIO_FORQUILHA_-__COGERH.csv,https://github.com/infracosteira/pluviometria/raw/main/data/postos_solo/SITIO_FORQUILHA_-__COGERH.csv
SITIO_INHARE.csv,https://github.com/infracosteira/pluviometria/raw/main/data/postos_solo/SITIO_INHARE.csv
SITIO_ITAPORANGA.csv,https://github.com/infracosteira/pluviometria/raw/main/data/postos_solo/SITIO_ITAPORANGA.csv
SITIO_LIMA.csv,https://github.com/infracosteira/pluviometria/raw/main/data/postos_solo/SITIO_LIMA.csv
SITIO_LIVRAMENTO.csv,https://github.com/infracosteira/pluviometria/raw/main/data/postos_solo/SITIO_LIVRAMENTO.csv
SITIO_LUCAS.csv,https://github.com/infracosteira/pluviometria/raw/main/data/postos_solo/SITIO_LUCAS.csv
SITIO_MACAPA.csv,https://github.com/infracosteira/pluviometria/raw/main/data/postos_solo/SITIO_MACAPA.csv
SITIO_MALHADA.csv,https://github.com/infracosteira/pluviometria/raw/main/data/postos_solo/SITIO_MALHADA.csv
SITIO_MILHANS.csv,https://github.com/infracosteira/pluviometria/raw/main/data/postos_solo/SITIO_MILHANS.csv
SITIO_NOVO-VILA_PE_CICERO.csv,https://github.com/infracosteira/pluviometria/raw/main/data/postos_solo/SITIO_NOVO-VILA_PE_CICERO.csv
SITIO_PAJEU.csv,https://github.com/infracosteira/pluviometria/raw/main/data/postos_solo/SITIO_PAJEU.csv
SITIO_PILOES.csv,https://github.com/infracosteira/pluviometria/raw/main/data/postos_solo/SITIO_PILOES.csv
SITIO_PITOMBEIRAS_DE_CRUZ.csv,https://github.com/infracosteira/pluviometria/raw/main/data/postos_solo/SITIO_PITOMBEIRAS_DE_CRUZ.csv
SITIO_PITUBA.csv,https://github.com/infracosteira/pluviometria/raw/main/data/postos_solo/SITIO_PITUBA.csv
SITIO_QUENQUELERE.csv,https://github.com/infracosteira/pluviometria/raw/main/data/postos_solo/SITIO_QUENQUELERE.csv
SITIO_SACO.csv,https://github.com/infracosteira/pluviometria/raw/main/data/postos_solo/SITIO_SACO.csv
SITIO_SAO_JOAO.csv,https://github.com/infracosteira/pluviometria/raw/main/data/postos_solo/SITIO_SAO_JOAO.csv
SITIO_SAO_PEDRO.csv,https://github.com/infracosteira/pluviometria/raw/main/data/postos_solo/SITIO_SAO_PEDRO.csv
SITIO_SAPUCAIA_FAGUNDES.csv,https://github.com/infracosteira/pluviometria/raw/main/data/postos_solo/SITIO_SAPUCAIA_FAGUNDES.csv
SITIO_SEVERO.csv,https://github.com/infracosteira/pluviometria/raw/main/data/postos_solo/SITIO_SEVERO.csv
SITIO_TAU�_DE_BAIXO.csv,https://github.com/infracosteira/pluviometria/raw/main/data/postos_solo/SITIO_TAU�_DE_BAIXO.csv
SITIO_TIMBAUBA_MACORE.csv,https://github.com/infracosteira/pluviometria/raw/main/data/postos_solo/SITIO_TIMBAUBA_MACORE.csv
SITIO_TIPI.csv,https://github.com/infracosteira/pluviometria/raw/main/data/postos_solo/SITIO_TIPI.csv
SITIO_TRANQUEIRA_.csv,https://github.com/infracosteira/pluviometria/raw/main/data/postos_solo/SITIO_TRANQUEIRA_.csv
SITIO_TREZE_IRMAOS.csv,https://github.com/infracosteira/pluviometria/raw/main/data/postos_solo/SITIO_TREZE_IRMAOS.csv
SITIO_URUBU.csv,https://github.com/infracosteira/pluviometria/raw/main/data/postos_solo/SITIO_URUBU.csv
SITIO_VAMBIRA.csv,https://github.com/infracosteira/pluviometria/raw/main/data/postos_solo/SITIO_VAMBIRA.csv
SITIO_VARZEA.csv,https://github.com/infracosteira/pluviometria/raw/main/data/postos_solo/SITIO_VARZEA.csv
SITIO_VARZEA_REDONDA.csv,https://github.com/infracosteira/pluviometria/raw/main/data/postos_solo/SITIO_VARZEA_REDONDA.csv
SIUPE.csv,https://github.com/infracosteira/pluviometria/raw/main/data/postos_solo/SIUPE.csv
SOBRAL.csv,https://github.com/infracosteira/pluviometria/raw/main/data/postos_solo/SOBRAL.csv
SOLEDADE.csv,https://github.com/infracosteira/pluviometria/raw/main/data/postos_solo/SOLEDADE.csv
SOLONOPOLE.csv,https://github.com/infracosteira/pluviometria/raw/main/data/postos_solo/SOLONOPOLE.csv
STA._RITA_DOS_GALDINOS.csv,https://github.com/infracosteira/pluviometria/raw/main/data/postos_solo/STA._RITA_DOS_GALDINOS.csv
STO._ANTONIO_DE_RUSSAS.csv,https://github.com/infracosteira/pluviometria/raw/main/data/postos_solo/STO._ANTONIO_DE_RUSSAS.csv
SUASSURANA.csv,https://github.com/infracosteira/pluviometria/raw/main/data/postos_solo/SUASSURANA.csv
SUCESSO.csv,https://github.com/infracosteira/pluviometria/raw/main/data/postos_solo/SUCESSO.csv
S�O_JO�O.csv,https://github.com/infracosteira/pluviometria/raw/main/data/postos_solo/S�O_JO�O.csv
S�TIO_ESTRELA_DALVA.csv,https://github.com/infracosteira/pluviometria/raw/main/data/postos_solo/S�TIO_ESTRELA_DALVA.csv
S�TIO_S�O_PEDRO.csv,https://github.com/infracosteira/pluviometria/raw/main/data/postos_solo/S�TIO_S�O_PEDRO.csv
TABAINHA.csv,https://github.com/infracosteira/pluviometria/raw/main/data/postos_solo/TABAINHA.csv
TABULEIRO_DO_NORTE.csv,https://github.com/infracosteira/pluviometria/raw/main/data/postos_solo/TABULEIRO_DO_NORTE.csv
TAMANDUA.csv,https://github.com/infracosteira/pluviometria/raw/main/data/postos_solo/TAMANDUA.csv
TAMBORIL.csv,https://github.com/infracosteira/pluviometria/raw/main/data/postos_solo/TAMBORIL.csv
TANGENTE.csv,https://github.com/infracosteira/pluviometria/raw/main/data/postos_solo/TANGENTE.csv
TANQUES.csv,https://github.com/infracosteira/pluviometria/raw/main/data/postos_solo/TANQUES.csv
TAPERUABA.csv,https://github.com/infracosteira/pluviometria/raw/main/data/postos_solo/TAPERUABA.csv
TAPUIARA.csv,https://github.com/infracosteira/pluviometria/raw/main/data/postos_solo/TAPUIARA.csv
TARGINOS.csv,https://github.com/infracosteira/pluviometria/raw/main/data/postos_solo/TARGINOS.csv
TARRAFAS.csv,https://github.com/infracosteira/pluviometria/raw/main/data/postos_solo/TARRAFAS.csv
TAUA.csv,https://github.com/infracosteira/pluviometria/raw/main/data/postos_solo/TAUA.csv
TEJUCUOCA.csv,https://github.com/infracosteira/pluviometria/raw/main/data/postos_solo/TEJUCUOCA.csv
TIAIA_DE_BAIXO.csv,https://github.com/infracosteira/pluviometria/raw/main/data/postos_solo/TIAIA_DE_BAIXO.csv
TIANGUA.csv,https://github.com/infracosteira/pluviometria/raw/main/data/postos_solo/TIANGUA.csv
TIMONHA.csv,https://github.com/infracosteira/pluviometria/raw/main/data/postos_solo/TIMONHA.csv
TOME_VIEIRA.csv,https://github.com/infracosteira/pluviometria/raw/main/data/postos_solo/TOME_VIEIRA.csv
TRAIRI.csv,https://github.com/infracosteira/pluviometria/raw/main/data/postos_solo/TRAIRI.csv
TRANQUEIRAS.csv,https://github.com/infracosteira/pluviometria/raw/main/data/postos_solo/TRANQUEIRAS.csv
TRAPIA.csv,https://github.com/infracosteira/pluviometria/raw/main/data/postos_solo/TRAPIA.csv
TRES_BODEGAS.csv,https://github.com/infracosteira/pluviometria/raw/main/data/postos_solo/TRES_BODEGAS.csv
TRUSSU.csv,https://github.com/infracosteira/pluviometria/raw/main/data/postos_solo/TRUSSU.csv
TUCUNDUBA.csv,https://github.com/infracosteira/pluviometria/raw/main/data/postos_solo/TUCUNDUBA.csv
TUCUNS.csv,https://github.com/infracosteira/pluviometria/raw/main/data/postos_solo/TUCUNS.csv
TURURU.csv,https://github.com/infracosteira/pluviometria/raw/main/data/postos_solo/TURURU.csv
UBAJARA.csv,https://github.com/infracosteira/pluviometria/raw/main/data/postos_solo/UBAJARA.csv
UBAUNA.csv,https://github.com/infracosteira/pluviometria/raw/main/data/postos_solo/UBAUNA.csv
UBIRACU.csv,https://github.com/infracosteira/pluviometria/raw/main/data/postos_solo/UBIRACU.csv
UIRAPONGA.csv,https://github.com/infracosteira/pluviometria/raw/main/data/postos_solo/UIRAPONGA.csv
UMARI.csv,https://github.com/infracosteira/pluviometria/raw/main/data/postos_solo/UMARI.csv
UMIRIM.csv,https://github.com/infracosteira/pluviometria/raw/main/data/postos_solo/UMIRIM.csv
URUAU_CARRAPICHO.csv,https://github.com/infracosteira/pluviometria/raw/main/data/postos_solo/URUAU_CARRAPICHO.csv
URUBURETAMA.csv,https://github.com/infracosteira/pluviometria/raw/main/data/postos_solo/URUBURETAMA.csv
URUCUZINHO.csv,https://github.com/infracosteira/pluviometria/raw/main/data/postos_solo/URUCUZINHO.csv
URUOCA.csv,https://github.com/infracosteira/pluviometria/raw/main/data/postos_solo/URUOCA.csv
URUQUE.csv,https://github.com/infracosteira/pluviometria/raw/main/data/postos_solo/URUQUE.csv
VARJOTA.csv,https://github.com/infracosteira/pluviometria/raw/main/data/postos_solo/VARJOTA.csv
VARZEA.csv,https://github.com/infracosteira/pluviometria/raw/main/data/postos_solo/VARZEA.csv
VARZEA_ALEGRE.csv,https://github.com/infracosteira/pluviometria/raw/main/data/postos_solo/VARZEA_ALEGRE.csv
VARZEA_DA_CAL.csv,https://github.com/infracosteira/pluviometria/raw/main/data/postos_solo/VARZEA_DA_CAL.csv
VARZEA_DA_CONCEICAO.csv,https://github.com/infracosteira/pluviometria/raw/main/data/postos_solo/VARZEA_DA_CONCEICAO.csv
VARZEA_GRANDE.csv,https://github.com/infracosteira/pluviometria/raw/main/data/postos_solo/VARZEA_GRANDE.csv
VARZEA_NOVA.csv,https://github.com/infracosteira/pluviometria/raw/main/data/postos_solo/VARZEA_NOVA.csv
VAZANTES.csv,https://github.com/infracosteira/pluviometria/raw/main/data/postos_solo/VAZANTES.csv
VERA_CRUZ.csv,https://github.com/infracosteira/pluviometria/raw/main/data/postos_solo/VERA_CRUZ.csv
VICENTE_DE_CASTRO.csv,https://github.com/infracosteira/pluviometria/raw/main/data/postos_solo/VICENTE_DE_CASTRO.csv
VICOSA_01.csv,https://github.com/infracosteira/pluviometria/raw/main/data/postos_solo/VICOSA_01.csv
VICOSA_02.csv,https://github.com/infracosteira/pluviometria/raw/main/data/postos_solo/VICOSA_02.csv
VICOSA_DO_CEARA.csv,https://github.com/infracosteira/pluviometria/raw/main/data/postos_solo/VICOSA_DO_CEARA.csv
VILA_ALECRIM.csv,https://github.com/infracosteira/pluviometria/raw/main/data/postos_solo/VILA_ALECRIM.csv
VILA_ANTONICO.csv,https://github.com/infracosteira/pluviometria/raw/main/data/postos_solo/VILA_ANTONICO.csv
VILA_ESCONDIDO.csv,https://github.com/infracosteira/pluviometria/raw/main/data/postos_solo/VILA_ESCONDIDO.csv
VILA_FEITOSA.csv,https://github.com/infracosteira/pluviometria/raw/main/data/postos_solo/VILA_FEITOSA.csv
VILA_PEDRA_BRANCA.csv,https://github.com/infracosteira/pluviometria/raw/main/data/postos_solo/VILA_PEDRA_BRANCA.csv
VILA_SANTO_ANTONIO.csv,https://github.com/infracosteira/pluviometria/raw/main/data/postos_solo/VILA_SANTO_ANTONIO.csv
VILA_SAO_GONCALO-MARROCOS.csv,https://github.com/infracosteira/pluviometria/raw/main/data/postos_solo/VILA_SAO_GONCALO-MARROCOS.csv
VILA_SOARES.csv,https://github.com/infracosteira/pluviometria/raw/main/data/postos_solo/VILA_SOARES.csv
