Nome do Arquivo,Link
 RIACHãO DE CIMA.csv,https://raw.githubusercontent.com/infracosteira/pluviometria/main/data/postos_solo/ RIACHãO DE CIMA.csv?raw=true
ABAIARA.csv,https://raw.githubusercontent.com/infracosteira/pluviometria/main/data/postos_solo/ABAIARA.csv?raw=true
ABILIO MARTINS.csv,https://raw.githubusercontent.com/infracosteira/pluviometria/main/data/postos_solo/ABILIO%20MARTINS.csv?raw=true
AC. ACARAU MIRIM.csv,https://raw.githubusercontent.com/infracosteira/pluviometria/main/data/postos_solo/AC.%20ACARAU%20MIRIM.csv?raw=true
AC. AMANARY.csv,https://raw.githubusercontent.com/infracosteira/pluviometria/main/data/postos_solo/AC.%20AMANARY.csv?raw=true
AC. ARARAS.csv,https://raw.githubusercontent.com/infracosteira/pluviometria/main/data/postos_solo/AC.%20ARARAS.csv?raw=true
AC. AYRES DE SOUZA.csv,https://raw.githubusercontent.com/infracosteira/pluviometria/main/data/postos_solo/AC.%20AYRES%20DE%20SOUZA.csv?raw=true
AC. BANABUIU.csv,https://raw.githubusercontent.com/infracosteira/pluviometria/main/data/postos_solo/AC.%20BANABUIU.csv?raw=true
AC. CARAO.csv,https://raw.githubusercontent.com/infracosteira/pluviometria/main/data/postos_solo/AC.%20CARAO.csv?raw=true
AC. CAXITORE.csv,https://raw.githubusercontent.com/infracosteira/pluviometria/main/data/postos_solo/AC.%20CAXITORE.csv?raw=true
AC. CEDRO.csv,https://raw.githubusercontent.com/infracosteira/pluviometria/main/data/postos_solo/AC.%20CEDRO.csv?raw=true
AC. EMA.csv,https://raw.githubusercontent.com/infracosteira/pluviometria/main/data/postos_solo/AC.%20EMA.csv?raw=true
AC. FAVELAS.csv,https://raw.githubusercontent.com/infracosteira/pluviometria/main/data/postos_solo/AC.%20FAVELAS.csv?raw=true
AC. FORQUILHA.csv,https://raw.githubusercontent.com/infracosteira/pluviometria/main/data/postos_solo/AC.%20FORQUILHA.csv?raw=true
AC. GENERAL SAMPAIO.csv,https://raw.githubusercontent.com/infracosteira/pluviometria/main/data/postos_solo/AC.%20GENERAL%20SAMPAIO.csv?raw=true
AC. JOAQUIM TAVORA.csv,https://raw.githubusercontent.com/infracosteira/pluviometria/main/data/postos_solo/AC.%20JOAQUIM%20TAVORA.csv?raw=true
AC. LIMA CAMPOS.csv,https://raw.githubusercontent.com/infracosteira/pluviometria/main/data/postos_solo/AC.%20LIMA%20CAMPOS.csv?raw=true
AC. MANOEL BALBINO.csv,https://raw.githubusercontent.com/infracosteira/pluviometria/main/data/postos_solo/AC.%20MANOEL%20BALBINO.csv?raw=true
AC. NOVA FLORESTA.csv,https://raw.githubusercontent.com/infracosteira/pluviometria/main/data/postos_solo/AC.%20NOVA%20FLORESTA.csv?raw=true
AC. OROS.csv,https://raw.githubusercontent.com/infracosteira/pluviometria/main/data/postos_solo/AC.%20OROS.csv?raw=true
AC. PATU.csv,https://raw.githubusercontent.com/infracosteira/pluviometria/main/data/postos_solo/AC.%20PATU.csv?raw=true
AC. PEDRAS BRANCAS.csv,https://raw.githubusercontent.com/infracosteira/pluviometria/main/data/postos_solo/AC.%20PEDRAS%20BRANCAS.csv?raw=true
AC. PEREIRA DE MIRANDA.csv,https://raw.githubusercontent.com/infracosteira/pluviometria/main/data/postos_solo/AC.%20PEREIRA%20DE%20MIRANDA.csv?raw=true
AC. POMPEU SOBRINHO.csv,https://raw.githubusercontent.com/infracosteira/pluviometria/main/data/postos_solo/AC.%20POMPEU%20SOBRINHO.csv?raw=true
AC. QUIXERAMOBIM.csv,https://raw.githubusercontent.com/infracosteira/pluviometria/main/data/postos_solo/AC.%20QUIXERAMOBIM.csv?raw=true
AC. RIACHO DO SANGUE.csv,https://raw.githubusercontent.com/infracosteira/pluviometria/main/data/postos_solo/AC.%20RIACHO%20DO%20SANGUE.csv?raw=true
AC. SALAO.csv,https://raw.githubusercontent.com/infracosteira/pluviometria/main/data/postos_solo/AC.%20SALAO.csv?raw=true
AC. SAO MATEUS.csv,https://raw.githubusercontent.com/infracosteira/pluviometria/main/data/postos_solo/AC.%20SAO%20MATEUS.csv?raw=true
AC. SAO PEDRO DA TIMBAUBA.csv,https://raw.githubusercontent.com/infracosteira/pluviometria/main/data/postos_solo/AC.%20SAO%20PEDRO%20DA%20TIMBAUBA.csv?raw=true
AC. SOBRAL.csv,https://raw.githubusercontent.com/infracosteira/pluviometria/main/data/postos_solo/AC.%20SOBRAL.csv?raw=true
AC. TOMAZ OSTERNE.csv,https://raw.githubusercontent.com/infracosteira/pluviometria/main/data/postos_solo/AC.%20TOMAZ%20OSTERNE.csv?raw=true
AC. TRICI.csv,https://raw.githubusercontent.com/infracosteira/pluviometria/main/data/postos_solo/AC.%20TRICI.csv?raw=true
AC. VARZEA DO BOI.csv,https://raw.githubusercontent.com/infracosteira/pluviometria/main/data/postos_solo/AC.%20VARZEA%20DO%20BOI.csv?raw=true
AC. VELAME.csv,https://raw.githubusercontent.com/infracosteira/pluviometria/main/data/postos_solo/AC.%20VELAME.csv?raw=true
AC.SANTO ANTONIO BASTIOES.csv,https://raw.githubusercontent.com/infracosteira/pluviometria/main/data/postos_solo/AC.SANTO%20ANTONIO%20BASTIOES.csv?raw=true
ACARAPE.csv,https://raw.githubusercontent.com/infracosteira/pluviometria/main/data/postos_solo/ACARAPE.csv?raw=true
ACARAU.csv,https://raw.githubusercontent.com/infracosteira/pluviometria/main/data/postos_solo/ACARAU.csv?raw=true
ACOPIARA.csv,https://raw.githubusercontent.com/infracosteira/pluviometria/main/data/postos_solo/ACOPIARA.csv?raw=true
ACUDE ACARAPE DO MEIO.csv,https://raw.githubusercontent.com/infracosteira/pluviometria/main/data/postos_solo/ACUDE%20ACARAPE%20DO%20MEIO.csv?raw=true
ACUDE ANGICOS.csv,https://raw.githubusercontent.com/infracosteira/pluviometria/main/data/postos_solo/ACUDE%20ANGICOS.csv?raw=true
ACUDE BATENTE.csv,https://raw.githubusercontent.com/infracosteira/pluviometria/main/data/postos_solo/ACUDE%20BATENTE.csv?raw=true
ACUDE CARAO.csv,https://raw.githubusercontent.com/infracosteira/pluviometria/main/data/postos_solo/ACUDE%20CARAO.csv?raw=true
ACUDE CIPOADA.csv,https://raw.githubusercontent.com/infracosteira/pluviometria/main/data/postos_solo/ACUDE%20CIPOADA.csv?raw=true
ACUDE DO GOVERNO.csv,https://raw.githubusercontent.com/infracosteira/pluviometria/main/data/postos_solo/ACUDE%20DO%20GOVERNO.csv?raw=true
ACUDE EDSON QUEIROZ.csv,https://raw.githubusercontent.com/infracosteira/pluviometria/main/data/postos_solo/ACUDE%20EDSON%20QUEIROZ.csv?raw=true
ACUDE FARIAS DE SOUSA.csv,https://raw.githubusercontent.com/infracosteira/pluviometria/main/data/postos_solo/ACUDE%20FARIAS%20DE%20SOUSA.csv?raw=true
ACUDE JATOBA II.csv,https://raw.githubusercontent.com/infracosteira/pluviometria/main/data/postos_solo/ACUDE%20JATOBA%20II.csv?raw=true
ACUDE MADEIRO.csv,https://raw.githubusercontent.com/infracosteira/pluviometria/main/data/postos_solo/ACUDE%20MADEIRO.csv?raw=true
ACUDE MUNDAU.csv,https://raw.githubusercontent.com/infracosteira/pluviometria/main/data/postos_solo/ACUDE%20MUNDAU.csv?raw=true
ACUDE PIRABIBU.csv,https://raw.githubusercontent.com/infracosteira/pluviometria/main/data/postos_solo/ACUDE%20PIRABIBU.csv?raw=true
ACUDE POCO DE PEDRAS.csv,https://raw.githubusercontent.com/infracosteira/pluviometria/main/data/postos_solo/ACUDE%20POCO%20DE%20PEDRAS.csv?raw=true
ACUDE POTIRETAMA.csv,https://raw.githubusercontent.com/infracosteira/pluviometria/main/data/postos_solo/ACUDE%20POTIRETAMA.csv?raw=true
ACUDE RIACHO DA SERRA.csv,https://raw.githubusercontent.com/infracosteira/pluviometria/main/data/postos_solo/ACUDE%20RIACHO%20DA%20SERRA.csv?raw=true
ACUDE SANTA MARIA.csv,https://raw.githubusercontent.com/infracosteira/pluviometria/main/data/postos_solo/ACUDE%20SANTA%20MARIA.csv?raw=true
ACUDE SAO JOSE I.csv,https://raw.githubusercontent.com/infracosteira/pluviometria/main/data/postos_solo/ACUDE%20SAO%20JOSE%20I.csv?raw=true
ACUDE SAO JOSE II.csv,https://raw.githubusercontent.com/infracosteira/pluviometria/main/data/postos_solo/ACUDE%20SAO%20JOSE%20II.csv?raw=true
ACUDE SAO VICENTE.csv,https://raw.githubusercontent.com/infracosteira/pluviometria/main/data/postos_solo/ACUDE%20SAO%20VICENTE.csv?raw=true
ACUDE TIGRE.csv,https://raw.githubusercontent.com/infracosteira/pluviometria/main/data/postos_solo/ACUDE%20TIGRE.csv?raw=true
ACUDE TRAPIA.csv,https://raw.githubusercontent.com/infracosteira/pluviometria/main/data/postos_solo/ACUDE%20TRAPIA.csv?raw=true
ADRIANOPOLIS.csv,https://raw.githubusercontent.com/infracosteira/pluviometria/main/data/postos_solo/ADRIANOPOLIS.csv?raw=true
AEROPORTO DE ARACATI.csv,https://raw.githubusercontent.com/infracosteira/pluviometria/main/data/postos_solo/AEROPORTO%20DE%20ARACATI.csv?raw=true
AEROPORTO(CRATEUS).csv,https://raw.githubusercontent.com/infracosteira/pluviometria/main/data/postos_solo/AEROPORTO(CRATEUS).csv?raw=true
AEROPORTO(FORTALEZA).csv,https://raw.githubusercontent.com/infracosteira/pluviometria/main/data/postos_solo/AEROPORTO(FORTALEZA).csv?raw=true
AEROPORTO(IGUATU).csv,https://raw.githubusercontent.com/infracosteira/pluviometria/main/data/postos_solo/AEROPORTO(IGUATU).csv?raw=true
AEROPORTO(JAGUARIBE).csv,https://raw.githubusercontent.com/infracosteira/pluviometria/main/data/postos_solo/AEROPORTO(JAGUARIBE).csv?raw=true
AEROPORTO(JUAZ. DO NORTE).csv,https://raw.githubusercontent.com/infracosteira/pluviometria/main/data/postos_solo/AEROPORTO(JUAZ.%20DO%20NORTE).csv?raw=true
AEROPORTO(SOBRAL).csv,https://raw.githubusercontent.com/infracosteira/pluviometria/main/data/postos_solo/AEROPORTO(SOBRAL).csv?raw=true
AEROPORTO.csv,https://raw.githubusercontent.com/infracosteira/pluviometria/main/data/postos_solo/AEROPORTO.csv?raw=true
AGROVILA.csv,https://raw.githubusercontent.com/infracosteira/pluviometria/main/data/postos_solo/AGROVILA.csv?raw=true
AGUA BOA.csv,https://raw.githubusercontent.com/infracosteira/pluviometria/main/data/postos_solo/AGUA%20BOA.csv?raw=true
AGUA VERDE.csv,https://raw.githubusercontent.com/infracosteira/pluviometria/main/data/postos_solo/AGUA%20VERDE.csv?raw=true
AGUA VERMELHA.csv,https://raw.githubusercontent.com/infracosteira/pluviometria/main/data/postos_solo/AGUA%20VERMELHA.csv?raw=true
AGUAS BELAS.csv,https://raw.githubusercontent.com/infracosteira/pluviometria/main/data/postos_solo/AGUAS%20BELAS.csv?raw=true
AIUABA.csv,https://raw.githubusercontent.com/infracosteira/pluviometria/main/data/postos_solo/AIUABA.csv?raw=true
ALCANTARAS.csv,https://raw.githubusercontent.com/infracosteira/pluviometria/main/data/postos_solo/ALCANTARAS.csv?raw=true
ALGODOES.csv,https://raw.githubusercontent.com/infracosteira/pluviometria/main/data/postos_solo/ALGODOES.csv?raw=true
ALTAMIRA.csv,https://raw.githubusercontent.com/infracosteira/pluviometria/main/data/postos_solo/ALTAMIRA.csv?raw=true
ALTANEIRA.csv,https://raw.githubusercontent.com/infracosteira/pluviometria/main/data/postos_solo/ALTANEIRA.csv?raw=true
ALTO SANTO.csv,https://raw.githubusercontent.com/infracosteira/pluviometria/main/data/postos_solo/ALTO%20SANTO.csv?raw=true
AMANAIARA.csv,https://raw.githubusercontent.com/infracosteira/pluviometria/main/data/postos_solo/AMANAIARA.csv?raw=true
AMANIUTUBA.csv,https://raw.githubusercontent.com/infracosteira/pluviometria/main/data/postos_solo/AMANIUTUBA.csv?raw=true
AMARO.csv,https://raw.githubusercontent.com/infracosteira/pluviometria/main/data/postos_solo/AMARO.csv?raw=true
AMERICA.csv,https://raw.githubusercontent.com/infracosteira/pluviometria/main/data/postos_solo/AMERICA.csv?raw=true
AMONTADA.csv,https://raw.githubusercontent.com/infracosteira/pluviometria/main/data/postos_solo/AMONTADA.csv?raw=true
ANGICO.csv,https://raw.githubusercontent.com/infracosteira/pluviometria/main/data/postos_solo/ANGICO.csv?raw=true
ANTONINA DO NORTE.csv,https://raw.githubusercontent.com/infracosteira/pluviometria/main/data/postos_solo/ANTONINA%20DO%20NORTE.csv?raw=true
ANTONIO DIOGO.csv,https://raw.githubusercontent.com/infracosteira/pluviometria/main/data/postos_solo/ANTONIO%20DIOGO.csv?raw=true
APRAZIVEL.csv,https://raw.githubusercontent.com/infracosteira/pluviometria/main/data/postos_solo/APRAZIVEL.csv?raw=true
APUIARES.csv,https://raw.githubusercontent.com/infracosteira/pluviometria/main/data/postos_solo/APUIARES.csv?raw=true
AQUINOPOLES.csv,https://raw.githubusercontent.com/infracosteira/pluviometria/main/data/postos_solo/AQUINOPOLES.csv?raw=true
AQUIRAZ.csv,https://raw.githubusercontent.com/infracosteira/pluviometria/main/data/postos_solo/AQUIRAZ.csv?raw=true
ARACATI.csv,https://raw.githubusercontent.com/infracosteira/pluviometria/main/data/postos_solo/ARACATI.csv?raw=true
ARACATIACU.csv,https://raw.githubusercontent.com/infracosteira/pluviometria/main/data/postos_solo/ARACATIACU.csv?raw=true
ARACATIARA.csv,https://raw.githubusercontent.com/infracosteira/pluviometria/main/data/postos_solo/ARACATIARA.csv?raw=true
ARACOIABA.csv,https://raw.githubusercontent.com/infracosteira/pluviometria/main/data/postos_solo/ARACOIABA.csv?raw=true
ARAJARA.csv,https://raw.githubusercontent.com/infracosteira/pluviometria/main/data/postos_solo/ARAJARA.csv?raw=true
ARANAU.csv,https://raw.githubusercontent.com/infracosteira/pluviometria/main/data/postos_solo/ARANAU.csv?raw=true
ARAPARI.csv,https://raw.githubusercontent.com/infracosteira/pluviometria/main/data/postos_solo/ARAPARI.csv?raw=true
ARAPORANGA.csv,https://raw.githubusercontent.com/infracosteira/pluviometria/main/data/postos_solo/ARAPORANGA.csv?raw=true
ARARENDA.csv,https://raw.githubusercontent.com/infracosteira/pluviometria/main/data/postos_solo/ARARENDA.csv?raw=true
ARARIPE.csv,https://raw.githubusercontent.com/infracosteira/pluviometria/main/data/postos_solo/ARARIPE.csv?raw=true
ARARIUS.csv,https://raw.githubusercontent.com/infracosteira/pluviometria/main/data/postos_solo/ARARIUS.csv?raw=true
ARATAMA.csv,https://raw.githubusercontent.com/infracosteira/pluviometria/main/data/postos_solo/ARATAMA.csv?raw=true
ARATUBA.csv,https://raw.githubusercontent.com/infracosteira/pluviometria/main/data/postos_solo/ARATUBA.csv?raw=true
AREA SECA.csv,https://raw.githubusercontent.com/infracosteira/pluviometria/main/data/postos_solo/AREA%20SECA.csv?raw=true
ARISCO DOS MARIANOS.csv,https://raw.githubusercontent.com/infracosteira/pluviometria/main/data/postos_solo/ARISCO%20DOS%20MARIANOS.csv?raw=true
ARNEIROZ.csv,https://raw.githubusercontent.com/infracosteira/pluviometria/main/data/postos_solo/ARNEIROZ.csv?raw=true
AROEIRAS.csv,https://raw.githubusercontent.com/infracosteira/pluviometria/main/data/postos_solo/AROEIRAS.csv?raw=true
ARROJADO.csv,https://raw.githubusercontent.com/infracosteira/pluviometria/main/data/postos_solo/ARROJADO.csv?raw=true
ARUARU.csv,https://raw.githubusercontent.com/infracosteira/pluviometria/main/data/postos_solo/ARUARU.csv?raw=true
ASSARE.csv,https://raw.githubusercontent.com/infracosteira/pluviometria/main/data/postos_solo/ASSARE.csv?raw=true
ASSENTAMENTO MANDACARU.csv,https://raw.githubusercontent.com/infracosteira/pluviometria/main/data/postos_solo/ASSENTAMENTO%20MANDACARU.csv?raw=true
ASSENTAMENTO NOVO CANAA.csv,https://raw.githubusercontent.com/infracosteira/pluviometria/main/data/postos_solo/ASSENTAMENTO%20NOVO%20CANAA.csv?raw=true
ASSENTAMENTO PAPEL.csv,https://raw.githubusercontent.com/infracosteira/pluviometria/main/data/postos_solo/ASSENTAMENTO%20PAPEL.csv?raw=true
ASSUNCAO.csv,https://raw.githubusercontent.com/infracosteira/pluviometria/main/data/postos_solo/ASSUNCAO.csv?raw=true
AURORA.csv,https://raw.githubusercontent.com/infracosteira/pluviometria/main/data/postos_solo/AURORA.csv?raw=true
AÇUDE ARREBITA.csv,https://raw.githubusercontent.com/infracosteira/pluviometria/main/data/postos_solo/AÇUDE ARREBITA.csv?raw=true
AÇUDE DIAMANTE.csv,https://raw.githubusercontent.com/infracosteira/pluviometria/main/data/postos_solo/AÇUDE DIAMANTE.csv?raw=true
AÇUDE EDSON QUEIROZ.csv,https://raw.githubusercontent.com/infracosteira/pluviometria/main/data/postos_solo/AÇUDE EDSON QUEIROZ.csv?raw=true
AÇUDE FIGUEIREDO.csv,https://raw.githubusercontent.com/infracosteira/pluviometria/main/data/postos_solo/AÇUDE FIGUEIREDO.csv?raw=true
AÇUDE GANGORRA.csv,https://raw.githubusercontent.com/infracosteira/pluviometria/main/data/postos_solo/AÇUDE GANGORRA.csv?raw=true
AÇUDE MARTINÓPOLE.csv,https://raw.githubusercontent.com/infracosteira/pluviometria/main/data/postos_solo/AÇUDE MARTINÓPOLE.csv?raw=true
AÇUDE VIEIRAO.csv,https://raw.githubusercontent.com/infracosteira/pluviometria/main/data/postos_solo/AÇUDE VIEIRAO.csv?raw=true
AÇUDE VÁRZEA DA VOLTA.csv,https://raw.githubusercontent.com/infracosteira/pluviometria/main/data/postos_solo/AÇUDE VÁRZEA DA VOLTA.csv?raw=true
BAIXA FRIA.csv,https://raw.githubusercontent.com/infracosteira/pluviometria/main/data/postos_solo/BAIXA%20FRIA.csv?raw=true
BAIXIO DE DONANA.csv,https://raw.githubusercontent.com/infracosteira/pluviometria/main/data/postos_solo/BAIXIO%20DE%20DONANA.csv?raw=true
BAIXIO.csv,https://raw.githubusercontent.com/infracosteira/pluviometria/main/data/postos_solo/BAIXIO.csv?raw=true
BALANCO.csv,https://raw.githubusercontent.com/infracosteira/pluviometria/main/data/postos_solo/BALANCO.csv?raw=true
BANABUIU.csv,https://raw.githubusercontent.com/infracosteira/pluviometria/main/data/postos_solo/BANABUIU.csv?raw=true
BANDEIRA.csv,https://raw.githubusercontent.com/infracosteira/pluviometria/main/data/postos_solo/BANDEIRA.csv?raw=true
BARAO DE AQUIRAZ.csv,https://raw.githubusercontent.com/infracosteira/pluviometria/main/data/postos_solo/BARAO%20DE%20AQUIRAZ.csv?raw=true
BARBALHA.csv,https://raw.githubusercontent.com/infracosteira/pluviometria/main/data/postos_solo/BARBALHA.csv?raw=true
BARRA DAS MOITAS.csv,https://raw.githubusercontent.com/infracosteira/pluviometria/main/data/postos_solo/BARRA%20DAS%20MOITAS.csv?raw=true
BARRA DE SITIA.csv,https://raw.githubusercontent.com/infracosteira/pluviometria/main/data/postos_solo/BARRA%20DE%20SITIA.csv?raw=true
BARRA.csv,https://raw.githubusercontent.com/infracosteira/pluviometria/main/data/postos_solo/BARRA.csv?raw=true
BARREIRA.csv,https://raw.githubusercontent.com/infracosteira/pluviometria/main/data/postos_solo/BARREIRA.csv?raw=true
BARREIRAS DOS PARAIBANOS.csv,https://raw.githubusercontent.com/infracosteira/pluviometria/main/data/postos_solo/BARREIRAS%20DOS%20PARAIBANOS.csv?raw=true
BARREIRAS.csv,https://raw.githubusercontent.com/infracosteira/pluviometria/main/data/postos_solo/BARREIRAS.csv?raw=true
BARREIROS DE BAIXO.csv,https://raw.githubusercontent.com/infracosteira/pluviometria/main/data/postos_solo/BARREIROS%20DE%20BAIXO.csv?raw=true
BARREIROS.csv,https://raw.githubusercontent.com/infracosteira/pluviometria/main/data/postos_solo/BARREIROS.csv?raw=true
BARRINHA.csv,https://raw.githubusercontent.com/infracosteira/pluviometria/main/data/postos_solo/BARRINHA.csv?raw=true
BARRO ALTO.csv,https://raw.githubusercontent.com/infracosteira/pluviometria/main/data/postos_solo/BARRO%20ALTO.csv?raw=true
BARRO.csv,https://raw.githubusercontent.com/infracosteira/pluviometria/main/data/postos_solo/BARRO.csv?raw=true
BARROQUINHA.csv,https://raw.githubusercontent.com/infracosteira/pluviometria/main/data/postos_solo/BARROQUINHA.csv?raw=true
BASTIOES.csv,https://raw.githubusercontent.com/infracosteira/pluviometria/main/data/postos_solo/BASTIOES.csv?raw=true
BATATAS.csv,https://raw.githubusercontent.com/infracosteira/pluviometria/main/data/postos_solo/BATATAS.csv?raw=true
BATURITE.csv,https://raw.githubusercontent.com/infracosteira/pluviometria/main/data/postos_solo/BATURITE.csv?raw=true
BAU.csv,https://raw.githubusercontent.com/infracosteira/pluviometria/main/data/postos_solo/BAU.csv?raw=true
BEBERIBE.csv,https://raw.githubusercontent.com/infracosteira/pluviometria/main/data/postos_solo/BEBERIBE.csv?raw=true
BELA CRUZ.csv,https://raw.githubusercontent.com/infracosteira/pluviometria/main/data/postos_solo/BELA%20CRUZ.csv?raw=true
BELA VISTA.csv,https://raw.githubusercontent.com/infracosteira/pluviometria/main/data/postos_solo/BELA%20VISTA.csv?raw=true
BELEM.csv,https://raw.githubusercontent.com/infracosteira/pluviometria/main/data/postos_solo/BELEM.csv?raw=true
BERRA BODE-ETS.csv,https://raw.githubusercontent.com/infracosteira/pluviometria/main/data/postos_solo/BERRA%20BODE-ETS.csv?raw=true
BETANIA.csv,https://raw.githubusercontent.com/infracosteira/pluviometria/main/data/postos_solo/BETANIA.csv?raw=true
BILHEIRA.csv,https://raw.githubusercontent.com/infracosteira/pluviometria/main/data/postos_solo/BILHEIRA.csv?raw=true
BITUPITA.csv,https://raw.githubusercontent.com/infracosteira/pluviometria/main/data/postos_solo/BITUPITA.csv?raw=true
BIXOPA.csv,https://raw.githubusercontent.com/infracosteira/pluviometria/main/data/postos_solo/BIXOPA.csv?raw=true
BOA ACAO.csv,https://raw.githubusercontent.com/infracosteira/pluviometria/main/data/postos_solo/BOA%20ACAO.csv?raw=true
BOA AGUA.csv,https://raw.githubusercontent.com/infracosteira/pluviometria/main/data/postos_solo/BOA%20AGUA.csv?raw=true
BOA ESPERANCA.csv,https://raw.githubusercontent.com/infracosteira/pluviometria/main/data/postos_solo/BOA%20ESPERANCA.csv?raw=true
BOA VIAGEM.csv,https://raw.githubusercontent.com/infracosteira/pluviometria/main/data/postos_solo/BOA%20VIAGEM.csv?raw=true
BOA VISTA DO CAXITORE.csv,https://raw.githubusercontent.com/infracosteira/pluviometria/main/data/postos_solo/BOA%20VISTA%20DO%20CAXITORE.csv?raw=true
BOA VISTA.csv,https://raw.githubusercontent.com/infracosteira/pluviometria/main/data/postos_solo/BOA%20VISTA.csv?raw=true
BOM JESUS.csv,https://raw.githubusercontent.com/infracosteira/pluviometria/main/data/postos_solo/BOM%20JESUS.csv?raw=true
BOM NOME.csv,https://raw.githubusercontent.com/infracosteira/pluviometria/main/data/postos_solo/BOM%20NOME.csv?raw=true
BOM PRINCIPIO.csv,https://raw.githubusercontent.com/infracosteira/pluviometria/main/data/postos_solo/BOM%20PRINCIPIO.csv?raw=true
BONFIM.csv,https://raw.githubusercontent.com/infracosteira/pluviometria/main/data/postos_solo/BONFIM.csv?raw=true
BONITO.csv,https://raw.githubusercontent.com/infracosteira/pluviometria/main/data/postos_solo/BONITO.csv?raw=true
BOQUEIRAO DO CESARIO.csv,https://raw.githubusercontent.com/infracosteira/pluviometria/main/data/postos_solo/BOQUEIRAO%20DO%20CESARIO.csv?raw=true
BOQUEIRAO.csv,https://raw.githubusercontent.com/infracosteira/pluviometria/main/data/postos_solo/BOQUEIRAO.csv?raw=true
BORGES.csv,https://raw.githubusercontent.com/infracosteira/pluviometria/main/data/postos_solo/BORGES.csv?raw=true
BOTIJA.csv,https://raw.githubusercontent.com/infracosteira/pluviometria/main/data/postos_solo/BOTIJA.csv?raw=true
BRAVO.csv,https://raw.githubusercontent.com/infracosteira/pluviometria/main/data/postos_solo/BRAVO.csv?raw=true
BREJINHO.csv,https://raw.githubusercontent.com/infracosteira/pluviometria/main/data/postos_solo/BREJINHO.csv?raw=true
BREJO SANTO.csv,https://raw.githubusercontent.com/infracosteira/pluviometria/main/data/postos_solo/BREJO%20SANTO.csv?raw=true
BRUM.csv,https://raw.githubusercontent.com/infracosteira/pluviometria/main/data/postos_solo/BRUM.csv?raw=true
BUGI.csv,https://raw.githubusercontent.com/infracosteira/pluviometria/main/data/postos_solo/BUGI.csv?raw=true
CABACEIRA.csv,https://raw.githubusercontent.com/infracosteira/pluviometria/main/data/postos_solo/CABACEIRA.csv?raw=true
CACA E PESCA.csv,https://raw.githubusercontent.com/infracosteira/pluviometria/main/data/postos_solo/CACA%20E%20PESCA.csv?raw=true
CACHOEIRA DE FORA.csv,https://raw.githubusercontent.com/infracosteira/pluviometria/main/data/postos_solo/CACHOEIRA%20DE%20FORA.csv?raw=true
CACHOEIRA DO FOGO.csv,https://raw.githubusercontent.com/infracosteira/pluviometria/main/data/postos_solo/CACHOEIRA%20DO%20FOGO.csv?raw=true
CACHOEIRA.csv,https://raw.githubusercontent.com/infracosteira/pluviometria/main/data/postos_solo/CACHOEIRA.csv?raw=true
CACIMBAS.csv,https://raw.githubusercontent.com/infracosteira/pluviometria/main/data/postos_solo/CACIMBAS.csv?raw=true
CAGADO.csv,https://raw.githubusercontent.com/infracosteira/pluviometria/main/data/postos_solo/CAGADO.csv?raw=true
CAICARA.csv,https://raw.githubusercontent.com/infracosteira/pluviometria/main/data/postos_solo/CAICARA.csv?raw=true
CAICARINHA.csv,https://raw.githubusercontent.com/infracosteira/pluviometria/main/data/postos_solo/CAICARINHA.csv?raw=true
CAIO PRADO.csv,https://raw.githubusercontent.com/infracosteira/pluviometria/main/data/postos_solo/CAIO%20PRADO.csv?raw=true
CAIOCA.csv,https://raw.githubusercontent.com/infracosteira/pluviometria/main/data/postos_solo/CAIOCA.csv?raw=true
CAIPU.csv,https://raw.githubusercontent.com/infracosteira/pluviometria/main/data/postos_solo/CAIPU.csv?raw=true
CAIXA.csv,https://raw.githubusercontent.com/infracosteira/pluviometria/main/data/postos_solo/CAIXA.csv?raw=true
CAJAZERINHA.csv,https://raw.githubusercontent.com/infracosteira/pluviometria/main/data/postos_solo/CAJAZERINHA.csv?raw=true
CALDAS.csv,https://raw.githubusercontent.com/infracosteira/pluviometria/main/data/postos_solo/CALDAS.csv?raw=true
CAMARAO.csv,https://raw.githubusercontent.com/infracosteira/pluviometria/main/data/postos_solo/CAMARAO.csv?raw=true
CAMILOS.csv,https://raw.githubusercontent.com/infracosteira/pluviometria/main/data/postos_solo/CAMILOS.csv?raw=true
CAMOCIM.csv,https://raw.githubusercontent.com/infracosteira/pluviometria/main/data/postos_solo/CAMOCIM.csv?raw=true
CAMPANARIO.csv,https://raw.githubusercontent.com/infracosteira/pluviometria/main/data/postos_solo/CAMPANARIO.csv?raw=true
CAMPESTRE.csv,https://raw.githubusercontent.com/infracosteira/pluviometria/main/data/postos_solo/CAMPESTRE.csv?raw=true
CAMPOS NOVOS.csv,https://raw.githubusercontent.com/infracosteira/pluviometria/main/data/postos_solo/CAMPOS%20NOVOS.csv?raw=true
CAMPOS SALES.csv,https://raw.githubusercontent.com/infracosteira/pluviometria/main/data/postos_solo/CAMPOS%20SALES.csv?raw=true
CAMPOS VELHOS.csv,https://raw.githubusercontent.com/infracosteira/pluviometria/main/data/postos_solo/CAMPOS%20VELHOS.csv?raw=true
CANA BRAVA DOS FERREIRAS.csv,https://raw.githubusercontent.com/infracosteira/pluviometria/main/data/postos_solo/CANA%20BRAVA%20DOS%20FERREIRAS.csv?raw=true
CANABRAVA-COCOCI.csv,https://raw.githubusercontent.com/infracosteira/pluviometria/main/data/postos_solo/CANABRAVA-COCOCI.csv?raw=true
CANAFISTULA.csv,https://raw.githubusercontent.com/infracosteira/pluviometria/main/data/postos_solo/CANAFISTULA.csv?raw=true
CANAUNA.csv,https://raw.githubusercontent.com/infracosteira/pluviometria/main/data/postos_solo/CANAUNA.csv?raw=true
CANGATI.csv,https://raw.githubusercontent.com/infracosteira/pluviometria/main/data/postos_solo/CANGATI.csv?raw=true
CANINDE.csv,https://raw.githubusercontent.com/infracosteira/pluviometria/main/data/postos_solo/CANINDE.csv?raw=true
CANINDEZINHO.csv,https://raw.githubusercontent.com/infracosteira/pluviometria/main/data/postos_solo/CANINDEZINHO.csv?raw=true
CAPIM 1.csv,https://raw.githubusercontent.com/infracosteira/pluviometria/main/data/postos_solo/CAPIM%201.csv?raw=true
CAPIM GROSSO.csv,https://raw.githubusercontent.com/infracosteira/pluviometria/main/data/postos_solo/CAPIM%20GROSSO.csv?raw=true
CAPISTRANO.csv,https://raw.githubusercontent.com/infracosteira/pluviometria/main/data/postos_solo/CAPISTRANO.csv?raw=true
CAPITAO MOR.csv,https://raw.githubusercontent.com/infracosteira/pluviometria/main/data/postos_solo/CAPITAO%20MOR.csv?raw=true
CAPONGA.csv,https://raw.githubusercontent.com/infracosteira/pluviometria/main/data/postos_solo/CAPONGA.csv?raw=true
CARACARA.csv,https://raw.githubusercontent.com/infracosteira/pluviometria/main/data/postos_solo/CARACARA.csv?raw=true
CARAUBAS.csv,https://raw.githubusercontent.com/infracosteira/pluviometria/main/data/postos_solo/CARAUBAS.csv?raw=true
CARIDADE.csv,https://raw.githubusercontent.com/infracosteira/pluviometria/main/data/postos_solo/CARIDADE.csv?raw=true
CARIRE.csv,https://raw.githubusercontent.com/infracosteira/pluviometria/main/data/postos_solo/CARIRE.csv?raw=true
CARIRIACU.csv,https://raw.githubusercontent.com/infracosteira/pluviometria/main/data/postos_solo/CARIRIACU.csv?raw=true
CARIUS.csv,https://raw.githubusercontent.com/infracosteira/pluviometria/main/data/postos_solo/CARIUS.csv?raw=true
CARIUTABA.csv,https://raw.githubusercontent.com/infracosteira/pluviometria/main/data/postos_solo/CARIUTABA.csv?raw=true
CARMELOPOLES.csv,https://raw.githubusercontent.com/infracosteira/pluviometria/main/data/postos_solo/CARMELOPOLES.csv?raw=true
CARNAUBAL.csv,https://raw.githubusercontent.com/infracosteira/pluviometria/main/data/postos_solo/CARNAUBAL.csv?raw=true
CARNAUBINHA.csv,https://raw.githubusercontent.com/infracosteira/pluviometria/main/data/postos_solo/CARNAUBINHA.csv?raw=true
CARRAPATEIRA.csv,https://raw.githubusercontent.com/infracosteira/pluviometria/main/data/postos_solo/CARRAPATEIRA.csv?raw=true
CARRAPATEIRAS.csv,https://raw.githubusercontent.com/infracosteira/pluviometria/main/data/postos_solo/CARRAPATEIRAS.csv?raw=true
CARVOEIRO.csv,https://raw.githubusercontent.com/infracosteira/pluviometria/main/data/postos_solo/CARVOEIRO.csv?raw=true
CASA DE PEDRA.csv,https://raw.githubusercontent.com/infracosteira/pluviometria/main/data/postos_solo/CASA%20DE%20PEDRA.csv?raw=true
CASCAVEL.csv,https://raw.githubusercontent.com/infracosteira/pluviometria/main/data/postos_solo/CASCAVEL.csv?raw=true
CASCUDO.csv,https://raw.githubusercontent.com/infracosteira/pluviometria/main/data/postos_solo/CASCUDO.csv?raw=true
CASTANHAO.csv,https://raw.githubusercontent.com/infracosteira/pluviometria/main/data/postos_solo/CASTANHAO.csv?raw=true
CASTELAO.csv,https://raw.githubusercontent.com/infracosteira/pluviometria/main/data/postos_solo/CASTELAO.csv?raw=true
CATARINA.csv,https://raw.githubusercontent.com/infracosteira/pluviometria/main/data/postos_solo/CATARINA.csv?raw=true
CATUNDA.csv,https://raw.githubusercontent.com/infracosteira/pluviometria/main/data/postos_solo/CATUNDA.csv?raw=true
CAUCAIA.csv,https://raw.githubusercontent.com/infracosteira/pluviometria/main/data/postos_solo/CAUCAIA.csv?raw=true
CEDRO.csv,https://raw.githubusercontent.com/infracosteira/pluviometria/main/data/postos_solo/CEDRO.csv?raw=true
CENTRO DE TREINAMENTO.csv,https://raw.githubusercontent.com/infracosteira/pluviometria/main/data/postos_solo/CENTRO%20DE%20TREINAMENTO.csv?raw=true
CHACARA CRAVO E ROSA.csv,https://raw.githubusercontent.com/infracosteira/pluviometria/main/data/postos_solo/CHACARA%20CRAVO%20E%20ROSA.csv?raw=true
CHACARA PEDRO HENRIQUE.csv,https://raw.githubusercontent.com/infracosteira/pluviometria/main/data/postos_solo/CHACARA%20PEDRO%20HENRIQUE.csv?raw=true
CHAPADA DO ALEGRE.csv,https://raw.githubusercontent.com/infracosteira/pluviometria/main/data/postos_solo/CHAPADA%20DO%20ALEGRE.csv?raw=true
CHAVAL.csv,https://raw.githubusercontent.com/infracosteira/pluviometria/main/data/postos_solo/CHAVAL.csv?raw=true
CHORO.csv,https://raw.githubusercontent.com/infracosteira/pluviometria/main/data/postos_solo/CHORO.csv?raw=true
CHOROZINHO.csv,https://raw.githubusercontent.com/infracosteira/pluviometria/main/data/postos_solo/CHOROZINHO.csv?raw=true
CIPO DOS ANJOS.csv,https://raw.githubusercontent.com/infracosteira/pluviometria/main/data/postos_solo/CIPO%20DOS%20ANJOS.csv?raw=true
COMUNIDADE BAIXA UMBURANA.csv,https://raw.githubusercontent.com/infracosteira/pluviometria/main/data/postos_solo/COMUNIDADE%20BAIXA%20UMBURANA.csv?raw=true
COMUNIDADE BAIXIO GRANDE.csv,https://raw.githubusercontent.com/infracosteira/pluviometria/main/data/postos_solo/COMUNIDADE%20BAIXIO%20GRANDE.csv?raw=true
COMUNIDADE GROSSAS.csv,https://raw.githubusercontent.com/infracosteira/pluviometria/main/data/postos_solo/COMUNIDADE%20GROSSAS.csv?raw=true
COMUNIDADE LEMOS.csv,https://raw.githubusercontent.com/infracosteira/pluviometria/main/data/postos_solo/COMUNIDADE%20LEMOS.csv?raw=true
COMUNIDADE TERRA VERMELHA.csv,https://raw.githubusercontent.com/infracosteira/pluviometria/main/data/postos_solo/COMUNIDADE%20TERRA%20VERMELHA.csv?raw=true
COMUNIDADE VALDIVINO.csv,https://raw.githubusercontent.com/infracosteira/pluviometria/main/data/postos_solo/COMUNIDADE%20VALDIVINO.csv?raw=true
CONCEICAO.csv,https://raw.githubusercontent.com/infracosteira/pluviometria/main/data/postos_solo/CONCEICAO.csv?raw=true
COREAU.csv,https://raw.githubusercontent.com/infracosteira/pluviometria/main/data/postos_solo/COREAU.csv?raw=true
CORREGO ESPERANÇA.csv,https://raw.githubusercontent.com/infracosteira/pluviometria/main/data/postos_solo/CORREGO ESPERANÇA.csv?raw=true
CRATEUS.csv,https://raw.githubusercontent.com/infracosteira/pluviometria/main/data/postos_solo/CRATEUS.csv?raw=true
CRATO.csv,https://raw.githubusercontent.com/infracosteira/pluviometria/main/data/postos_solo/CRATO.csv?raw=true
CRIOULAS.csv,https://raw.githubusercontent.com/infracosteira/pluviometria/main/data/postos_solo/CRIOULAS.csv?raw=true
CRISTAIS.csv,https://raw.githubusercontent.com/infracosteira/pluviometria/main/data/postos_solo/CRISTAIS.csv?raw=true
CRISTALIA.csv,https://raw.githubusercontent.com/infracosteira/pluviometria/main/data/postos_solo/CRISTALIA.csv?raw=true
CROATA.csv,https://raw.githubusercontent.com/infracosteira/pluviometria/main/data/postos_solo/CROATA.csv?raw=true
CRUZ.csv,https://raw.githubusercontent.com/infracosteira/pluviometria/main/data/postos_solo/CRUZ.csv?raw=true
CUNCAS.csv,https://raw.githubusercontent.com/infracosteira/pluviometria/main/data/postos_solo/CUNCAS.csv?raw=true
CURATIS.csv,https://raw.githubusercontent.com/infracosteira/pluviometria/main/data/postos_solo/CURATIS.csv?raw=true
CURUPIRA.csv,https://raw.githubusercontent.com/infracosteira/pluviometria/main/data/postos_solo/CURUPIRA.csv?raw=true
CUSTODIO.csv,https://raw.githubusercontent.com/infracosteira/pluviometria/main/data/postos_solo/CUSTODIO.csv?raw=true
Cemoaba.csv,https://raw.githubusercontent.com/infracosteira/pluviometria/main/data/postos_solo/Cemoaba.csv?raw=true
DAMIAO.csv,https://raw.githubusercontent.com/infracosteira/pluviometria/main/data/postos_solo/DAMIAO.csv?raw=true
DANIEL DE QUEIROS.csv,https://raw.githubusercontent.com/infracosteira/pluviometria/main/data/postos_solo/DANIEL%20DE%20QUEIROS.csv?raw=true
DANIEL DE QUEIROZ.csv,https://raw.githubusercontent.com/infracosteira/pluviometria/main/data/postos_solo/DANIEL%20DE%20QUEIROZ.csv?raw=true
DEFESA CIVIL DE FORTALEZA.csv,https://raw.githubusercontent.com/infracosteira/pluviometria/main/data/postos_solo/DEFESA%20CIVIL%20DE%20FORTALEZA.csv?raw=true
DEFESA CIVIL.csv,https://raw.githubusercontent.com/infracosteira/pluviometria/main/data/postos_solo/DEFESA%20CIVIL.csv?raw=true
DEP. IRAPUAN PINHEIRO.csv,https://raw.githubusercontent.com/infracosteira/pluviometria/main/data/postos_solo/DEP.%20IRAPUAN%20PINHEIRO.csv?raw=true
DESEJO.csv,https://raw.githubusercontent.com/infracosteira/pluviometria/main/data/postos_solo/DESEJO.csv?raw=true
DESERTO.csv,https://raw.githubusercontent.com/infracosteira/pluviometria/main/data/postos_solo/DESERTO.csv?raw=true
DIPAN-ESCRITORIO DO DNOCS.csv,https://raw.githubusercontent.com/infracosteira/pluviometria/main/data/postos_solo/DIPAN-ESCRITORIO%20DO%20DNOCS.csv?raw=true
DOM LEME.csv,https://raw.githubusercontent.com/infracosteira/pluviometria/main/data/postos_solo/DOM%20LEME.csv?raw=true
DOM MAURICIO.csv,https://raw.githubusercontent.com/infracosteira/pluviometria/main/data/postos_solo/DOM%20MAURICIO.csv?raw=true
DOM QUINTINO.csv,https://raw.githubusercontent.com/infracosteira/pluviometria/main/data/postos_solo/DOM%20QUINTINO.csv?raw=true
DOMINGOS DA COSTA.csv,https://raw.githubusercontent.com/infracosteira/pluviometria/main/data/postos_solo/DOMINGOS%20DA%20COSTA.csv?raw=true
EBRON.csv,https://raw.githubusercontent.com/infracosteira/pluviometria/main/data/postos_solo/EBRON.csv?raw=true
EIXAO 2.csv,https://raw.githubusercontent.com/infracosteira/pluviometria/main/data/postos_solo/EIXAO%202.csv?raw=true
ELEVATORIO - COGERH.csv,https://raw.githubusercontent.com/infracosteira/pluviometria/main/data/postos_solo/ELEVATORIO%20-%20COGERH.csv?raw=true
EMA.csv,https://raw.githubusercontent.com/infracosteira/pluviometria/main/data/postos_solo/EMA.csv?raw=true
EMATERCE.csv,https://raw.githubusercontent.com/infracosteira/pluviometria/main/data/postos_solo/EMATERCE.csv?raw=true
EMATUBA.csv,https://raw.githubusercontent.com/infracosteira/pluviometria/main/data/postos_solo/EMATUBA.csv?raw=true
EMAUS.csv,https://raw.githubusercontent.com/infracosteira/pluviometria/main/data/postos_solo/EMAUS.csv?raw=true
ENCANTADO.csv,https://raw.githubusercontent.com/infracosteira/pluviometria/main/data/postos_solo/ENCANTADO.csv?raw=true
ENGENHEIRO JOAO TOME.csv,https://raw.githubusercontent.com/infracosteira/pluviometria/main/data/postos_solo/ENGENHEIRO%20JOAO%20TOME.csv?raw=true
ENGENHO VELHO.csv,https://raw.githubusercontent.com/infracosteira/pluviometria/main/data/postos_solo/ENGENHO%20VELHO.csv?raw=true
ERERE.csv,https://raw.githubusercontent.com/infracosteira/pluviometria/main/data/postos_solo/ERERE.csv?raw=true
ESCOLA PROF LUIZA TEODORO.csv,https://raw.githubusercontent.com/infracosteira/pluviometria/main/data/postos_solo/ESCOLA%20PROF%20LUIZA%20TEODORO.csv?raw=true
ESPERANCA.csv,https://raw.githubusercontent.com/infracosteira/pluviometria/main/data/postos_solo/ESPERANCA.csv?raw=true
ESTACAO ECOLOGICA.csv,https://raw.githubusercontent.com/infracosteira/pluviometria/main/data/postos_solo/ESTACAO%20ECOLOGICA.csv?raw=true
ESTRADA.csv,https://raw.githubusercontent.com/infracosteira/pluviometria/main/data/postos_solo/ESTRADA.csv?raw=true
ETA SAAE QUIXERAMOBIM.csv,https://raw.githubusercontent.com/infracosteira/pluviometria/main/data/postos_solo/ETA%20SAAE%20QUIXERAMOBIM.csv?raw=true
EUSEBIO.csv,https://raw.githubusercontent.com/infracosteira/pluviometria/main/data/postos_solo/EUSEBIO.csv?raw=true
FARIAS BRITO.csv,https://raw.githubusercontent.com/infracosteira/pluviometria/main/data/postos_solo/FARIAS%20BRITO.csv?raw=true
FAZ.BELO HORIZONTE.csv,https://raw.githubusercontent.com/infracosteira/pluviometria/main/data/postos_solo/FAZ.BELO%20HORIZONTE.csv?raw=true
FAZ.NOVA CIOMA.csv,https://raw.githubusercontent.com/infracosteira/pluviometria/main/data/postos_solo/FAZ.NOVA%20CIOMA.csv?raw=true
FAZ.REALEZA.csv,https://raw.githubusercontent.com/infracosteira/pluviometria/main/data/postos_solo/FAZ.REALEZA.csv?raw=true
FAZENDA ALTO DA CONCEICAO.csv,https://raw.githubusercontent.com/infracosteira/pluviometria/main/data/postos_solo/FAZENDA%20ALTO%20DA%20CONCEICAO.csv?raw=true
FAZENDA ALTO VERMELHO.csv,https://raw.githubusercontent.com/infracosteira/pluviometria/main/data/postos_solo/FAZENDA%20ALTO%20VERMELHO.csv?raw=true
FAZENDA ARARA.csv,https://raw.githubusercontent.com/infracosteira/pluviometria/main/data/postos_solo/FAZENDA%20ARARA.csv?raw=true
FAZENDA BOA VISTA.csv,https://raw.githubusercontent.com/infracosteira/pluviometria/main/data/postos_solo/FAZENDA%20BOA%20VISTA.csv?raw=true
FAZENDA BOM PASTOR.csv,https://raw.githubusercontent.com/infracosteira/pluviometria/main/data/postos_solo/FAZENDA%20BOM%20PASTOR.csv?raw=true
FAZENDA CAJAZEIRA.csv,https://raw.githubusercontent.com/infracosteira/pluviometria/main/data/postos_solo/FAZENDA%20CAJAZEIRA.csv?raw=true
FAZENDA CAXINOA.csv,https://raw.githubusercontent.com/infracosteira/pluviometria/main/data/postos_solo/FAZENDA%20CAXINOA.csv?raw=true
FAZENDA COLUMINJUBA.csv,https://raw.githubusercontent.com/infracosteira/pluviometria/main/data/postos_solo/FAZENDA%20COLUMINJUBA.csv?raw=true
FAZENDA COQUE.csv,https://raw.githubusercontent.com/infracosteira/pluviometria/main/data/postos_solo/FAZENDA%20COQUE.csv?raw=true
FAZENDA CORISCO.csv,https://raw.githubusercontent.com/infracosteira/pluviometria/main/data/postos_solo/FAZENDA%20CORISCO.csv?raw=true
FAZENDA GRACINHA.csv,https://raw.githubusercontent.com/infracosteira/pluviometria/main/data/postos_solo/FAZENDA%20GRACINHA.csv?raw=true
FAZENDA IEMEM.csv,https://raw.githubusercontent.com/infracosteira/pluviometria/main/data/postos_solo/FAZENDA%20IEMEM.csv?raw=true
FAZENDA LACRAIA.csv,https://raw.githubusercontent.com/infracosteira/pluviometria/main/data/postos_solo/FAZENDA%20LACRAIA.csv?raw=true
FAZENDA LAGES.csv,https://raw.githubusercontent.com/infracosteira/pluviometria/main/data/postos_solo/FAZENDA%20LAGES.csv?raw=true
FAZENDA LAGOA DAS MERCES.csv,https://raw.githubusercontent.com/infracosteira/pluviometria/main/data/postos_solo/FAZENDA%20LAGOA%20DAS%20MERCES.csv?raw=true
FAZENDA LAGOINHA.csv,https://raw.githubusercontent.com/infracosteira/pluviometria/main/data/postos_solo/FAZENDA%20LAGOINHA.csv?raw=true
FAZENDA LOGRADOURO.csv,https://raw.githubusercontent.com/infracosteira/pluviometria/main/data/postos_solo/FAZENDA%20LOGRADOURO.csv?raw=true
FAZENDA MALA.csv,https://raw.githubusercontent.com/infracosteira/pluviometria/main/data/postos_solo/FAZENDA%20MALA.csv?raw=true
FAZENDA MALAQUIAS.csv,https://raw.githubusercontent.com/infracosteira/pluviometria/main/data/postos_solo/FAZENDA%20MALAQUIAS.csv?raw=true
FAZENDA MORADA NOVA.csv,https://raw.githubusercontent.com/infracosteira/pluviometria/main/data/postos_solo/FAZENDA%20MORADA%20NOVA.csv?raw=true
FAZENDA MUTAMBA.csv,https://raw.githubusercontent.com/infracosteira/pluviometria/main/data/postos_solo/FAZENDA%20MUTAMBA.csv?raw=true
FAZENDA NAO ME DEIXE.csv,https://raw.githubusercontent.com/infracosteira/pluviometria/main/data/postos_solo/FAZENDA%20NAO%20ME%20DEIXE.csv?raw=true
FAZENDA NITEROI.csv,https://raw.githubusercontent.com/infracosteira/pluviometria/main/data/postos_solo/FAZENDA%20NITEROI.csv?raw=true
FAZENDA NORMAL.csv,https://raw.githubusercontent.com/infracosteira/pluviometria/main/data/postos_solo/FAZENDA%20NORMAL.csv?raw=true
FAZENDA NOVA.csv,https://raw.githubusercontent.com/infracosteira/pluviometria/main/data/postos_solo/FAZENDA%20NOVA.csv?raw=true
FAZENDA PANCHAVATA.csv,https://raw.githubusercontent.com/infracosteira/pluviometria/main/data/postos_solo/FAZENDA%20PANCHAVATA.csv?raw=true
FAZENDA PAPAGAIO.csv,https://raw.githubusercontent.com/infracosteira/pluviometria/main/data/postos_solo/FAZENDA%20PAPAGAIO.csv?raw=true
FAZENDA PAU D'ARCO.csv,https://raw.githubusercontent.com/infracosteira/pluviometria/main/data/postos_solo/FAZENDA%20PAU%20D'ARCO.csv?raw=true
FAZENDA POCO DA PEDRA.csv,https://raw.githubusercontent.com/infracosteira/pluviometria/main/data/postos_solo/FAZENDA%20POCO%20DA%20PEDRA.csv?raw=true
FAZENDA POCO VERDE.csv,https://raw.githubusercontent.com/infracosteira/pluviometria/main/data/postos_solo/FAZENDA%20POCO%20VERDE.csv?raw=true
FAZENDA SANTA HELENA.csv,https://raw.githubusercontent.com/infracosteira/pluviometria/main/data/postos_solo/FAZENDA%20SANTA%20HELENA.csv?raw=true
FAZENDA SANTA LUIZA.csv,https://raw.githubusercontent.com/infracosteira/pluviometria/main/data/postos_solo/FAZENDA%20SANTA%20LUIZA.csv?raw=true
FAZENDA SÃO DOMINGOS.csv,https://raw.githubusercontent.com/infracosteira/pluviometria/main/data/postos_solo/FAZENDA SÃO DOMINGOS.csv?raw=true
FAZENDA TAPUIO.csv,https://raw.githubusercontent.com/infracosteira/pluviometria/main/data/postos_solo/FAZENDA%20TAPUIO.csv?raw=true
FAZENDA TIO COSME.csv,https://raw.githubusercontent.com/infracosteira/pluviometria/main/data/postos_solo/FAZENDA%20TIO%20COSME.csv?raw=true
FAZENDA VARZEA ALEGRE.csv,https://raw.githubusercontent.com/infracosteira/pluviometria/main/data/postos_solo/FAZENDA%20VARZEA%20ALEGRE.csv?raw=true
FECHADO.csv,https://raw.githubusercontent.com/infracosteira/pluviometria/main/data/postos_solo/FECHADO.csv?raw=true
FEITICEIRO.csv,https://raw.githubusercontent.com/infracosteira/pluviometria/main/data/postos_solo/FEITICEIRO.csv?raw=true
FELIZARDO.csv,https://raw.githubusercontent.com/infracosteira/pluviometria/main/data/postos_solo/FELIZARDO.csv?raw=true
FIGUEIREDO.csv,https://raw.githubusercontent.com/infracosteira/pluviometria/main/data/postos_solo/FIGUEIREDO.csv?raw=true
FLAMENGO.csv,https://raw.githubusercontent.com/infracosteira/pluviometria/main/data/postos_solo/FLAMENGO.csv?raw=true
FLORES.csv,https://raw.githubusercontent.com/infracosteira/pluviometria/main/data/postos_solo/FLORES.csv?raw=true
FORQUILHA.csv,https://raw.githubusercontent.com/infracosteira/pluviometria/main/data/postos_solo/FORQUILHA.csv?raw=true
FORTIM.csv,https://raw.githubusercontent.com/infracosteira/pluviometria/main/data/postos_solo/FORTIM.csv?raw=true
FRECHEIRINHA.csv,https://raw.githubusercontent.com/infracosteira/pluviometria/main/data/postos_solo/FRECHEIRINHA.csv?raw=true
FUNCEME.csv,https://raw.githubusercontent.com/infracosteira/pluviometria/main/data/postos_solo/FUNCEME.csv?raw=true
FUND.MA.NILVA(AGUA FRIA).csv,https://raw.githubusercontent.com/infracosteira/pluviometria/main/data/postos_solo/FUND.MA.NILVA(AGUA%20FRIA).csv?raw=true
FURNAS.csv,https://raw.githubusercontent.com/infracosteira/pluviometria/main/data/postos_solo/FURNAS.csv?raw=true
FZ. AGUAPE.csv,https://raw.githubusercontent.com/infracosteira/pluviometria/main/data/postos_solo/FZ.%20AGUAPE.csv?raw=true
FZ. SANTA ROSA.csv,https://raw.githubusercontent.com/infracosteira/pluviometria/main/data/postos_solo/FZ.%20SANTA%20ROSA.csv?raw=true
FZ. SAO LOURENCO.csv,https://raw.githubusercontent.com/infracosteira/pluviometria/main/data/postos_solo/FZ.%20SAO%20LOURENCO.csv?raw=true
GAMELEIRA.csv,https://raw.githubusercontent.com/infracosteira/pluviometria/main/data/postos_solo/GAMELEIRA.csv?raw=true
GAMELEIRO DE S. SEBASTIAO.csv,https://raw.githubusercontent.com/infracosteira/pluviometria/main/data/postos_solo/GAMELEIRO%20DE%20S.%20SEBASTIAO.csv?raw=true
GAZEA.csv,https://raw.githubusercontent.com/infracosteira/pluviometria/main/data/postos_solo/GAZEA.csv?raw=true
GENERAL SAMPAIO.csv,https://raw.githubusercontent.com/infracosteira/pluviometria/main/data/postos_solo/GENERAL%20SAMPAIO.csv?raw=true
GENERAL TIBURCIO.csv,https://raw.githubusercontent.com/infracosteira/pluviometria/main/data/postos_solo/GENERAL%20TIBURCIO.csv?raw=true
GIQUI.csv,https://raw.githubusercontent.com/infracosteira/pluviometria/main/data/postos_solo/GIQUI.csv?raw=true
GRACA.csv,https://raw.githubusercontent.com/infracosteira/pluviometria/main/data/postos_solo/GRACA.csv?raw=true
GRANJA.csv,https://raw.githubusercontent.com/infracosteira/pluviometria/main/data/postos_solo/GRANJA.csv?raw=true
GRANJEIRO.csv,https://raw.githubusercontent.com/infracosteira/pluviometria/main/data/postos_solo/GRANJEIRO.csv?raw=true
GROAIRAS.csv,https://raw.githubusercontent.com/infracosteira/pluviometria/main/data/postos_solo/GROAIRAS.csv?raw=true
GUAIUBA.csv,https://raw.githubusercontent.com/infracosteira/pluviometria/main/data/postos_solo/GUAIUBA.csv?raw=true
GUANACES.csv,https://raw.githubusercontent.com/infracosteira/pluviometria/main/data/postos_solo/GUANACES.csv?raw=true
GUARACIABA DO NORTE.csv,https://raw.githubusercontent.com/infracosteira/pluviometria/main/data/postos_solo/GUARACIABA%20DO%20NORTE.csv?raw=true
GUARAMIRANGA.csv,https://raw.githubusercontent.com/infracosteira/pluviometria/main/data/postos_solo/GUARAMIRANGA.csv?raw=true
GUARIBAS.csv,https://raw.githubusercontent.com/infracosteira/pluviometria/main/data/postos_solo/GUARIBAS.csv?raw=true
GUASSUSSE.csv,https://raw.githubusercontent.com/infracosteira/pluviometria/main/data/postos_solo/GUASSUSSE.csv?raw=true
GURIU.csv,https://raw.githubusercontent.com/infracosteira/pluviometria/main/data/postos_solo/GURIU.csv?raw=true
HIDROLANDIA.csv,https://raw.githubusercontent.com/infracosteira/pluviometria/main/data/postos_solo/HIDROLANDIA.csv?raw=true
HORIZONTE.csv,https://raw.githubusercontent.com/infracosteira/pluviometria/main/data/postos_solo/HORIZONTE.csv?raw=true
HOTEL VALE DAS NUVENS.csv,https://raw.githubusercontent.com/infracosteira/pluviometria/main/data/postos_solo/HOTEL%20VALE%20DAS%20NUVENS.csv?raw=true
IAPI.csv,https://raw.githubusercontent.com/infracosteira/pluviometria/main/data/postos_solo/IAPI.csv?raw=true
IBARETAMA.csv,https://raw.githubusercontent.com/infracosteira/pluviometria/main/data/postos_solo/IBARETAMA.csv?raw=true
IBIAPABA.csv,https://raw.githubusercontent.com/infracosteira/pluviometria/main/data/postos_solo/IBIAPABA.csv?raw=true
IBIAPINA.csv,https://raw.githubusercontent.com/infracosteira/pluviometria/main/data/postos_solo/IBIAPINA.csv?raw=true
IBICUA.csv,https://raw.githubusercontent.com/infracosteira/pluviometria/main/data/postos_solo/IBICUA.csv?raw=true
IBICUITINGA.csv,https://raw.githubusercontent.com/infracosteira/pluviometria/main/data/postos_solo/IBICUITINGA.csv?raw=true
IBOREPI.csv,https://raw.githubusercontent.com/infracosteira/pluviometria/main/data/postos_solo/IBOREPI.csv?raw=true
IBUACU.csv,https://raw.githubusercontent.com/infracosteira/pluviometria/main/data/postos_solo/IBUACU.csv?raw=true
IBUGUACU.csv,https://raw.githubusercontent.com/infracosteira/pluviometria/main/data/postos_solo/IBUGUACU.csv?raw=true
ICAPUI.csv,https://raw.githubusercontent.com/infracosteira/pluviometria/main/data/postos_solo/ICAPUI.csv?raw=true
ICARAI DE AMONTADA.csv,https://raw.githubusercontent.com/infracosteira/pluviometria/main/data/postos_solo/ICARAI%20DE%20AMONTADA.csv?raw=true
ICARAI.csv,https://raw.githubusercontent.com/infracosteira/pluviometria/main/data/postos_solo/ICARAI.csv?raw=true
ICO.csv,https://raw.githubusercontent.com/infracosteira/pluviometria/main/data/postos_solo/ICO.csv?raw=true
ICOZINHO.csv,https://raw.githubusercontent.com/infracosteira/pluviometria/main/data/postos_solo/ICOZINHO.csv?raw=true
IDEAL.csv,https://raw.githubusercontent.com/infracosteira/pluviometria/main/data/postos_solo/IDEAL.csv?raw=true
IFCE QUIXADA.csv,https://raw.githubusercontent.com/infracosteira/pluviometria/main/data/postos_solo/IFCE%20QUIXADA.csv?raw=true
IGUATU.csv,https://raw.githubusercontent.com/infracosteira/pluviometria/main/data/postos_solo/IGUATU.csv?raw=true
INB ITATAIA.csv,https://raw.githubusercontent.com/infracosteira/pluviometria/main/data/postos_solo/INB%20ITATAIA.csv?raw=true
INDEPENDENCIA.csv,https://raw.githubusercontent.com/infracosteira/pluviometria/main/data/postos_solo/INDEPENDENCIA.csv?raw=true
INGAZEIRA.csv,https://raw.githubusercontent.com/infracosteira/pluviometria/main/data/postos_solo/INGAZEIRA.csv?raw=true
INHUPORANGA.csv,https://raw.githubusercontent.com/infracosteira/pluviometria/main/data/postos_solo/INHUPORANGA.csv?raw=true
IPAPORANGA.csv,https://raw.githubusercontent.com/infracosteira/pluviometria/main/data/postos_solo/IPAPORANGA.csv?raw=true
IPAUMIRIM.csv,https://raw.githubusercontent.com/infracosteira/pluviometria/main/data/postos_solo/IPAUMIRIM.csv?raw=true
IPU.csv,https://raw.githubusercontent.com/infracosteira/pluviometria/main/data/postos_solo/IPU.csv?raw=true
IPUEIRAS.csv,https://raw.githubusercontent.com/infracosteira/pluviometria/main/data/postos_solo/IPUEIRAS.csv?raw=true
IRACEMA.csv,https://raw.githubusercontent.com/infracosteira/pluviometria/main/data/postos_solo/IRACEMA.csv?raw=true
IRAPUA.csv,https://raw.githubusercontent.com/infracosteira/pluviometria/main/data/postos_solo/IRAPUA.csv?raw=true
IRAUCUBA.csv,https://raw.githubusercontent.com/infracosteira/pluviometria/main/data/postos_solo/IRAUCUBA.csv?raw=true
ITACOLOMI.csv,https://raw.githubusercontent.com/infracosteira/pluviometria/main/data/postos_solo/ITACOLOMI.csv?raw=true
ITAGUA.csv,https://raw.githubusercontent.com/infracosteira/pluviometria/main/data/postos_solo/ITAGUA.csv?raw=true
ITAICABA.csv,https://raw.githubusercontent.com/infracosteira/pluviometria/main/data/postos_solo/ITAICABA.csv?raw=true
ITAIPABA.csv,https://raw.githubusercontent.com/infracosteira/pluviometria/main/data/postos_solo/ITAIPABA.csv?raw=true
ITAITINGA.csv,https://raw.githubusercontent.com/infracosteira/pluviometria/main/data/postos_solo/ITAITINGA.csv?raw=true
ITAPAJE.csv,https://raw.githubusercontent.com/infracosteira/pluviometria/main/data/postos_solo/ITAPAJE.csv?raw=true
ITAPEBUSSU.csv,https://raw.githubusercontent.com/infracosteira/pluviometria/main/data/postos_solo/ITAPEBUSSU.csv?raw=true
ITAPEIM.csv,https://raw.githubusercontent.com/infracosteira/pluviometria/main/data/postos_solo/ITAPEIM.csv?raw=true
ITAPIPOCA.csv,https://raw.githubusercontent.com/infracosteira/pluviometria/main/data/postos_solo/ITAPIPOCA.csv?raw=true
ITAPIUNA.csv,https://raw.githubusercontent.com/infracosteira/pluviometria/main/data/postos_solo/ITAPIUNA.csv?raw=true
ITAREMA.csv,https://raw.githubusercontent.com/infracosteira/pluviometria/main/data/postos_solo/ITAREMA.csv?raw=true
ITATAIA.csv,https://raw.githubusercontent.com/infracosteira/pluviometria/main/data/postos_solo/ITATAIA.csv?raw=true
ITATIRA.csv,https://raw.githubusercontent.com/infracosteira/pluviometria/main/data/postos_solo/ITATIRA.csv?raw=true
JABURU.csv,https://raw.githubusercontent.com/infracosteira/pluviometria/main/data/postos_solo/JABURU.csv?raw=true
JACAMPARI.csv,https://raw.githubusercontent.com/infracosteira/pluviometria/main/data/postos_solo/JACAMPARI.csv?raw=true
JACUIPE NASCENTE.csv,https://raw.githubusercontent.com/infracosteira/pluviometria/main/data/postos_solo/JACUIPE%20NASCENTE.csv?raw=true
JAGUARETAMA.csv,https://raw.githubusercontent.com/infracosteira/pluviometria/main/data/postos_solo/JAGUARETAMA.csv?raw=true
JAGUARIBARA.csv,https://raw.githubusercontent.com/infracosteira/pluviometria/main/data/postos_solo/JAGUARIBARA.csv?raw=true
JAGUARIBE.csv,https://raw.githubusercontent.com/infracosteira/pluviometria/main/data/postos_solo/JAGUARIBE.csv?raw=true
JAGUARUANA.csv,https://raw.githubusercontent.com/infracosteira/pluviometria/main/data/postos_solo/JAGUARUANA.csv?raw=true
JAIBARAS.csv,https://raw.githubusercontent.com/infracosteira/pluviometria/main/data/postos_solo/JAIBARAS.csv?raw=true
JAMACARU.csv,https://raw.githubusercontent.com/infracosteira/pluviometria/main/data/postos_solo/JAMACARU.csv?raw=true
JANDRANGOEIRA.csv,https://raw.githubusercontent.com/infracosteira/pluviometria/main/data/postos_solo/JANDRANGOEIRA.csv?raw=true
JARDIM DO MEIO.csv,https://raw.githubusercontent.com/infracosteira/pluviometria/main/data/postos_solo/JARDIM%20DO%20MEIO.csv?raw=true
JARDIM MIRIM.csv,https://raw.githubusercontent.com/infracosteira/pluviometria/main/data/postos_solo/JARDIM%20MIRIM.csv?raw=true
JARDIM.csv,https://raw.githubusercontent.com/infracosteira/pluviometria/main/data/postos_solo/JARDIM.csv?raw=true
JATI.csv,https://raw.githubusercontent.com/infracosteira/pluviometria/main/data/postos_solo/JATI.csv?raw=true
JATOBA.csv,https://raw.githubusercontent.com/infracosteira/pluviometria/main/data/postos_solo/JATOBA.csv?raw=true
JERICOACOARA.csv,https://raw.githubusercontent.com/infracosteira/pluviometria/main/data/postos_solo/JERICOACOARA.csv?raw=true
JIJOCA DE JERICOACOARA.csv,https://raw.githubusercontent.com/infracosteira/pluviometria/main/data/postos_solo/JIJOCA%20DE%20JERICOACOARA.csv?raw=true
JORDAO.csv,https://raw.githubusercontent.com/infracosteira/pluviometria/main/data/postos_solo/JORDAO.csv?raw=true
JOSE DE ALENCAR.csv,https://raw.githubusercontent.com/infracosteira/pluviometria/main/data/postos_solo/JOSE%20DE%20ALENCAR.csv?raw=true
JUA.csv,https://raw.githubusercontent.com/infracosteira/pluviometria/main/data/postos_solo/JUA.csv?raw=true
JUATAMA.csv,https://raw.githubusercontent.com/infracosteira/pluviometria/main/data/postos_solo/JUATAMA.csv?raw=true
JUAZEIRO DO NORTE.csv,https://raw.githubusercontent.com/infracosteira/pluviometria/main/data/postos_solo/JUAZEIRO%20DO%20NORTE.csv?raw=true
JUBAIA.csv,https://raw.githubusercontent.com/infracosteira/pluviometria/main/data/postos_solo/JUBAIA.csv?raw=true
JUCA.csv,https://raw.githubusercontent.com/infracosteira/pluviometria/main/data/postos_solo/JUCA.csv?raw=true
JUCAS.csv,https://raw.githubusercontent.com/infracosteira/pluviometria/main/data/postos_solo/JUCAS.csv?raw=true
JUREMA.csv,https://raw.githubusercontent.com/infracosteira/pluviometria/main/data/postos_solo/JUREMA.csv?raw=true
LACERDA.csv,https://raw.githubusercontent.com/infracosteira/pluviometria/main/data/postos_solo/LACERDA.csv?raw=true
LADEIRA GRANDE.csv,https://raw.githubusercontent.com/infracosteira/pluviometria/main/data/postos_solo/LADEIRA%20GRANDE.csv?raw=true
LAGEDO.csv,https://raw.githubusercontent.com/infracosteira/pluviometria/main/data/postos_solo/LAGEDO.csv?raw=true
LAGOA DA SERRA.csv,https://raw.githubusercontent.com/infracosteira/pluviometria/main/data/postos_solo/LAGOA%20DA%20SERRA.csv?raw=true
LAGOA DE SANTO ANTONIO.csv,https://raw.githubusercontent.com/infracosteira/pluviometria/main/data/postos_solo/LAGOA%20DE%20SANTO%20ANTONIO.csv?raw=true
LAGOA DO CARNEIRO.csv,https://raw.githubusercontent.com/infracosteira/pluviometria/main/data/postos_solo/LAGOA%20DO%20CARNEIRO.csv?raw=true
LAGOA DO JUVENAL.csv,https://raw.githubusercontent.com/infracosteira/pluviometria/main/data/postos_solo/LAGOA%20DO%20JUVENAL.csv?raw=true
LAGOA DO MATO.csv,https://raw.githubusercontent.com/infracosteira/pluviometria/main/data/postos_solo/LAGOA%20DO%20MATO.csv?raw=true
LAGOA DO PORCO.csv,https://raw.githubusercontent.com/infracosteira/pluviometria/main/data/postos_solo/LAGOA%20DO%20PORCO.csv?raw=true
LAGOA FUNDA.csv,https://raw.githubusercontent.com/infracosteira/pluviometria/main/data/postos_solo/LAGOA%20FUNDA.csv?raw=true
LAGOA GRANDE-COCOGI.csv,https://raw.githubusercontent.com/infracosteira/pluviometria/main/data/postos_solo/LAGOA%20GRANDE-COCOGI.csv?raw=true
LAGOA GRANDE.csv,https://raw.githubusercontent.com/infracosteira/pluviometria/main/data/postos_solo/LAGOA%20GRANDE.csv?raw=true
LAGOINHA.csv,https://raw.githubusercontent.com/infracosteira/pluviometria/main/data/postos_solo/LAGOINHA.csv?raw=true
LAMBEDOURO.csv,https://raw.githubusercontent.com/infracosteira/pluviometria/main/data/postos_solo/LAMBEDOURO.csv?raw=true
LAMEIRO.csv,https://raw.githubusercontent.com/infracosteira/pluviometria/main/data/postos_solo/LAMEIRO.csv?raw=true
LAVRAS DA MANGABEIRA.csv,https://raw.githubusercontent.com/infracosteira/pluviometria/main/data/postos_solo/LAVRAS%20DA%20MANGABEIRA.csv?raw=true
LIMA CAMPOS.csv,https://raw.githubusercontent.com/infracosteira/pluviometria/main/data/postos_solo/LIMA%20CAMPOS.csv?raw=true
LIMOEIRO DO NORTE.csv,https://raw.githubusercontent.com/infracosteira/pluviometria/main/data/postos_solo/LIMOEIRO%20DO%20NORTE.csv?raw=true
LIMOEIRO.csv,https://raw.githubusercontent.com/infracosteira/pluviometria/main/data/postos_solo/LIMOEIRO.csv?raw=true
LISIEUX.csv,https://raw.githubusercontent.com/infracosteira/pluviometria/main/data/postos_solo/LISIEUX.csv?raw=true
LOGRADOURO.csv,https://raw.githubusercontent.com/infracosteira/pluviometria/main/data/postos_solo/LOGRADOURO.csv?raw=true
MACAOCA.csv,https://raw.githubusercontent.com/infracosteira/pluviometria/main/data/postos_solo/MACAOCA.csv?raw=true
MACARAU.csv,https://raw.githubusercontent.com/infracosteira/pluviometria/main/data/postos_solo/MACARAU.csv?raw=true
MADALENA.csv,https://raw.githubusercontent.com/infracosteira/pluviometria/main/data/postos_solo/MADALENA.csv?raw=true
MALHADA GRANDE.csv,https://raw.githubusercontent.com/infracosteira/pluviometria/main/data/postos_solo/MALHADA%20GRANDE.csv?raw=true
MANGABEIRA.csv,https://raw.githubusercontent.com/infracosteira/pluviometria/main/data/postos_solo/MANGABEIRA.csv?raw=true
MANHOSO.csv,https://raw.githubusercontent.com/infracosteira/pluviometria/main/data/postos_solo/MANHOSO.csv?raw=true
MANITUBA.csv,https://raw.githubusercontent.com/infracosteira/pluviometria/main/data/postos_solo/MANITUBA.csv?raw=true
MANOEL CORREIA.csv,https://raw.githubusercontent.com/infracosteira/pluviometria/main/data/postos_solo/MANOEL%20CORREIA.csv?raw=true
MARACAJA.csv,https://raw.githubusercontent.com/infracosteira/pluviometria/main/data/postos_solo/MARACAJA.csv?raw=true
MARACANAU.csv,https://raw.githubusercontent.com/infracosteira/pluviometria/main/data/postos_solo/MARACANAU.csv?raw=true
MARANGUAPE.csv,https://raw.githubusercontent.com/infracosteira/pluviometria/main/data/postos_solo/MARANGUAPE.csv?raw=true
MARARUPA.csv,https://raw.githubusercontent.com/infracosteira/pluviometria/main/data/postos_solo/MARARUPA.csv?raw=true
MARCO.csv,https://raw.githubusercontent.com/infracosteira/pluviometria/main/data/postos_solo/MARCO.csv?raw=true
MARRECAS.csv,https://raw.githubusercontent.com/infracosteira/pluviometria/main/data/postos_solo/MARRECAS.csv?raw=true
MARRUAS DOS PAIVA.csv,https://raw.githubusercontent.com/infracosteira/pluviometria/main/data/postos_solo/MARRUAS%20DOS%20PAIVA.csv?raw=true
MARRUAS.csv,https://raw.githubusercontent.com/infracosteira/pluviometria/main/data/postos_solo/MARRUAS.csv?raw=true
MARTINOPOLE.csv,https://raw.githubusercontent.com/infracosteira/pluviometria/main/data/postos_solo/MARTINOPOLE.csv?raw=true
MASSAPE.csv,https://raw.githubusercontent.com/infracosteira/pluviometria/main/data/postos_solo/MASSAPE.csv?raw=true
MATA FRESCA.csv,https://raw.githubusercontent.com/infracosteira/pluviometria/main/data/postos_solo/MATA%20FRESCA.csv?raw=true
MATRIZ.csv,https://raw.githubusercontent.com/infracosteira/pluviometria/main/data/postos_solo/MATRIZ.csv?raw=true
MAURITI.csv,https://raw.githubusercontent.com/infracosteira/pluviometria/main/data/postos_solo/MAURITI.csv?raw=true
MEL.csv,https://raw.githubusercontent.com/infracosteira/pluviometria/main/data/postos_solo/MEL.csv?raw=true
MELANCIAS.csv,https://raw.githubusercontent.com/infracosteira/pluviometria/main/data/postos_solo/MELANCIAS.csv?raw=true
MERUOCA.csv,https://raw.githubusercontent.com/infracosteira/pluviometria/main/data/postos_solo/MERUOCA.csv?raw=true
MESSEJANA.csv,https://raw.githubusercontent.com/infracosteira/pluviometria/main/data/postos_solo/MESSEJANA.csv?raw=true
MILAGRES.csv,https://raw.githubusercontent.com/infracosteira/pluviometria/main/data/postos_solo/MILAGRES.csv?raw=true
MILHA.csv,https://raw.githubusercontent.com/infracosteira/pluviometria/main/data/postos_solo/MILHA.csv?raw=true
MINEIROLANDIA.csv,https://raw.githubusercontent.com/infracosteira/pluviometria/main/data/postos_solo/MINEIROLANDIA.csv?raw=true
MIRAIMA.csv,https://raw.githubusercontent.com/infracosteira/pluviometria/main/data/postos_solo/MIRAIMA.csv?raw=true
MISSAO VELHA.csv,https://raw.githubusercontent.com/infracosteira/pluviometria/main/data/postos_solo/MISSAO%20VELHA.csv?raw=true
MISSI.csv,https://raw.githubusercontent.com/infracosteira/pluviometria/main/data/postos_solo/MISSI.csv?raw=true
MOITAS.csv,https://raw.githubusercontent.com/infracosteira/pluviometria/main/data/postos_solo/MOITAS.csv?raw=true
MOMBACA.csv,https://raw.githubusercontent.com/infracosteira/pluviometria/main/data/postos_solo/MOMBACA.csv?raw=true
MONDUBIM.csv,https://raw.githubusercontent.com/infracosteira/pluviometria/main/data/postos_solo/MONDUBIM.csv?raw=true
MONGUBA.csv,https://raw.githubusercontent.com/infracosteira/pluviometria/main/data/postos_solo/MONGUBA.csv?raw=true
MONSENHOR TABOSA.csv,https://raw.githubusercontent.com/infracosteira/pluviometria/main/data/postos_solo/MONSENHOR%20TABOSA.csv?raw=true
MONTE ALEGRE.csv,https://raw.githubusercontent.com/infracosteira/pluviometria/main/data/postos_solo/MONTE%20ALEGRE.csv?raw=true
MONTE NEBO.csv,https://raw.githubusercontent.com/infracosteira/pluviometria/main/data/postos_solo/MONTE%20NEBO.csv?raw=true
MONTE SINAI.csv,https://raw.githubusercontent.com/infracosteira/pluviometria/main/data/postos_solo/MONTE%20SINAI.csv?raw=true
MONTEIRO.csv,https://raw.githubusercontent.com/infracosteira/pluviometria/main/data/postos_solo/MONTEIRO.csv?raw=true
MORADA NOVA.csv,https://raw.githubusercontent.com/infracosteira/pluviometria/main/data/postos_solo/MORADA%20NOVA.csv?raw=true
MORAUJO.csv,https://raw.githubusercontent.com/infracosteira/pluviometria/main/data/postos_solo/MORAUJO.csv?raw=true
MORRINHOS NOVOS.csv,https://raw.githubusercontent.com/infracosteira/pluviometria/main/data/postos_solo/MORRINHOS%20NOVOS.csv?raw=true
MORRINHOS.csv,https://raw.githubusercontent.com/infracosteira/pluviometria/main/data/postos_solo/MORRINHOS.csv?raw=true
MORRO ALEGRE.csv,https://raw.githubusercontent.com/infracosteira/pluviometria/main/data/postos_solo/MORRO%20ALEGRE.csv?raw=true
MUCAMBO.csv,https://raw.githubusercontent.com/infracosteira/pluviometria/main/data/postos_solo/MUCAMBO.csv?raw=true
MULUNGU.csv,https://raw.githubusercontent.com/infracosteira/pluviometria/main/data/postos_solo/MULUNGU.csv?raw=true
MUQUEM.csv,https://raw.githubusercontent.com/infracosteira/pluviometria/main/data/postos_solo/MUQUEM.csv?raw=true
MURIBECA.csv,https://raw.githubusercontent.com/infracosteira/pluviometria/main/data/postos_solo/MURIBECA.csv?raw=true
MUSEU RODOLFO TEOFILO.csv,https://raw.githubusercontent.com/infracosteira/pluviometria/main/data/postos_solo/MUSEU%20RODOLFO%20TEOFILO.csv?raw=true
MUTAMBEIRA.csv,https://raw.githubusercontent.com/infracosteira/pluviometria/main/data/postos_solo/MUTAMBEIRA.csv?raw=true
NENELANDIA.csv,https://raw.githubusercontent.com/infracosteira/pluviometria/main/data/postos_solo/NENELANDIA.csv?raw=true
NOSSA SRA. DO LIVRAMENTO.csv,https://raw.githubusercontent.com/infracosteira/pluviometria/main/data/postos_solo/NOSSA%20SRA.%20DO%20LIVRAMENTO.csv?raw=true
NOVA BETANIA.csv,https://raw.githubusercontent.com/infracosteira/pluviometria/main/data/postos_solo/NOVA%20BETANIA.csv?raw=true
NOVA CONQUISTA.csv,https://raw.githubusercontent.com/infracosteira/pluviometria/main/data/postos_solo/NOVA%20CONQUISTA.csv?raw=true
NOVA FLORESTA.csv,https://raw.githubusercontent.com/infracosteira/pluviometria/main/data/postos_solo/NOVA%20FLORESTA.csv?raw=true
NOVA OLINDA.csv,https://raw.githubusercontent.com/infracosteira/pluviometria/main/data/postos_solo/NOVA%20OLINDA.csv?raw=true
NOVA RUSSAS.csv,https://raw.githubusercontent.com/infracosteira/pluviometria/main/data/postos_solo/NOVA%20RUSSAS.csv?raw=true
NOVO ASSIS.csv,https://raw.githubusercontent.com/infracosteira/pluviometria/main/data/postos_solo/NOVO%20ASSIS.csv?raw=true
NOVO GRANGEIRO.csv,https://raw.githubusercontent.com/infracosteira/pluviometria/main/data/postos_solo/NOVO%20GRANGEIRO.csv?raw=true
NOVO HORIZONTE.csv,https://raw.githubusercontent.com/infracosteira/pluviometria/main/data/postos_solo/NOVO%20HORIZONTE.csv?raw=true
NOVO MARACANAU.csv,https://raw.githubusercontent.com/infracosteira/pluviometria/main/data/postos_solo/NOVO%20MARACANAU.csv?raw=true
NOVO ORIENTE.csv,https://raw.githubusercontent.com/infracosteira/pluviometria/main/data/postos_solo/NOVO%20ORIENTE.csv?raw=true
OCARA.csv,https://raw.githubusercontent.com/infracosteira/pluviometria/main/data/postos_solo/OCARA.csv?raw=true
OLHO DAGUA DA BICA.csv,https://raw.githubusercontent.com/infracosteira/pluviometria/main/data/postos_solo/OLHO%20DAGUA%20DA%20BICA.csv?raw=true
OLHO DAGUA.csv,https://raw.githubusercontent.com/infracosteira/pluviometria/main/data/postos_solo/OLHO%20DAGUA.csv?raw=true
OLIVEIRA.csv,https://raw.githubusercontent.com/infracosteira/pluviometria/main/data/postos_solo/OLIVEIRA.csv?raw=true
OROS.csv,https://raw.githubusercontent.com/infracosteira/pluviometria/main/data/postos_solo/OROS.csv?raw=true
PACAJUS.csv,https://raw.githubusercontent.com/infracosteira/pluviometria/main/data/postos_solo/PACAJUS.csv?raw=true
PACATUBA.csv,https://raw.githubusercontent.com/infracosteira/pluviometria/main/data/postos_solo/PACATUBA.csv?raw=true
PACO MUNICIPAL.csv,https://raw.githubusercontent.com/infracosteira/pluviometria/main/data/postos_solo/PACO%20MUNICIPAL.csv?raw=true
PACOTI.csv,https://raw.githubusercontent.com/infracosteira/pluviometria/main/data/postos_solo/PACOTI.csv?raw=true
PACUJA.csv,https://raw.githubusercontent.com/infracosteira/pluviometria/main/data/postos_solo/PACUJA.csv?raw=true
PADRE VIEIRA.csv,https://raw.githubusercontent.com/infracosteira/pluviometria/main/data/postos_solo/PADRE%20VIEIRA.csv?raw=true
PAI JOAO.csv,https://raw.githubusercontent.com/infracosteira/pluviometria/main/data/postos_solo/PAI%20JOAO.csv?raw=true
PAJEU.csv,https://raw.githubusercontent.com/infracosteira/pluviometria/main/data/postos_solo/PAJEU.csv?raw=true
PALESTINA DO CARIRI.csv,https://raw.githubusercontent.com/infracosteira/pluviometria/main/data/postos_solo/PALESTINA%20DO%20CARIRI.csv?raw=true
PALESTINA.csv,https://raw.githubusercontent.com/infracosteira/pluviometria/main/data/postos_solo/PALESTINA.csv?raw=true
PALHANO.csv,https://raw.githubusercontent.com/infracosteira/pluviometria/main/data/postos_solo/PALHANO.csv?raw=true
PALMACIA.csv,https://raw.githubusercontent.com/infracosteira/pluviometria/main/data/postos_solo/PALMACIA.csv?raw=true
PALMATORIA.csv,https://raw.githubusercontent.com/infracosteira/pluviometria/main/data/postos_solo/PALMATORIA.csv?raw=true
PANACUI.csv,https://raw.githubusercontent.com/infracosteira/pluviometria/main/data/postos_solo/PANACUI.csv?raw=true
PARACUA.csv,https://raw.githubusercontent.com/infracosteira/pluviometria/main/data/postos_solo/PARACUA.csv?raw=true
PARACURU.csv,https://raw.githubusercontent.com/infracosteira/pluviometria/main/data/postos_solo/PARACURU.csv?raw=true
PARAIPABA.csv,https://raw.githubusercontent.com/infracosteira/pluviometria/main/data/postos_solo/PARAIPABA.csv?raw=true
PARAISO.csv,https://raw.githubusercontent.com/infracosteira/pluviometria/main/data/postos_solo/PARAISO.csv?raw=true
PARAMBU.csv,https://raw.githubusercontent.com/infracosteira/pluviometria/main/data/postos_solo/PARAMBU.csv?raw=true
PARAMOTI.csv,https://raw.githubusercontent.com/infracosteira/pluviometria/main/data/postos_solo/PARAMOTI.csv?raw=true
PARAPUI.csv,https://raw.githubusercontent.com/infracosteira/pluviometria/main/data/postos_solo/PARAPUI.csv?raw=true
PARAZINHO.csv,https://raw.githubusercontent.com/infracosteira/pluviometria/main/data/postos_solo/PARAZINHO.csv?raw=true
PARIPUEIRA.csv,https://raw.githubusercontent.com/infracosteira/pluviometria/main/data/postos_solo/PARIPUEIRA.csv?raw=true
PARQUE ECOLOGICO DO COCO.csv,https://raw.githubusercontent.com/infracosteira/pluviometria/main/data/postos_solo/PARQUE%20ECOLOGICO%20DO%20COCO.csv?raw=true
PARQUE SAO JOAO.csv,https://raw.githubusercontent.com/infracosteira/pluviometria/main/data/postos_solo/PARQUE%20SAO%20JOAO.csv?raw=true
PARQUELANDIA.csv,https://raw.githubusercontent.com/infracosteira/pluviometria/main/data/postos_solo/PARQUELANDIA.csv?raw=true
PASSAGEM - FOGAREIRO.csv,https://raw.githubusercontent.com/infracosteira/pluviometria/main/data/postos_solo/PASSAGEM%20-%20FOGAREIRO.csv?raw=true
PATOS DOS LIBERATOS.csv,https://raw.githubusercontent.com/infracosteira/pluviometria/main/data/postos_solo/PATOS%20DOS%20LIBERATOS.csv?raw=true
PATOS.csv,https://raw.githubusercontent.com/infracosteira/pluviometria/main/data/postos_solo/PATOS.csv?raw=true
PATRIARCA.csv,https://raw.githubusercontent.com/infracosteira/pluviometria/main/data/postos_solo/PATRIARCA.csv?raw=true
PAU FERRO.csv,https://raw.githubusercontent.com/infracosteira/pluviometria/main/data/postos_solo/PAU%20FERRO.csv?raw=true
PAUS BRANCOS .csv,https://raw.githubusercontent.com/infracosteira/pluviometria/main/data/postos_solo/PAUS%20BRANCOS%20.csv?raw=true
PECEM.csv,https://raw.githubusercontent.com/infracosteira/pluviometria/main/data/postos_solo/PECEM.csv?raw=true
PEDRA BRANCA.csv,https://raw.githubusercontent.com/infracosteira/pluviometria/main/data/postos_solo/PEDRA%20BRANCA.csv?raw=true
PEDRINHAS.csv,https://raw.githubusercontent.com/infracosteira/pluviometria/main/data/postos_solo/PEDRINHAS.csv?raw=true
PEIXE GORDO.csv,https://raw.githubusercontent.com/infracosteira/pluviometria/main/data/postos_solo/PEIXE%20GORDO.csv?raw=true
PEIXE.csv,https://raw.githubusercontent.com/infracosteira/pluviometria/main/data/postos_solo/PEIXE.csv?raw=true
PENAFORTE.csv,https://raw.githubusercontent.com/infracosteira/pluviometria/main/data/postos_solo/PENAFORTE.csv?raw=true
PENTECOSTE.csv,https://raw.githubusercontent.com/infracosteira/pluviometria/main/data/postos_solo/PENTECOSTE.csv?raw=true
PEREIRO.csv,https://raw.githubusercontent.com/infracosteira/pluviometria/main/data/postos_solo/PEREIRO.csv?raw=true
PESSOA ANTA.csv,https://raw.githubusercontent.com/infracosteira/pluviometria/main/data/postos_solo/PESSOA%20ANTA.csv?raw=true
PICADA.csv,https://raw.githubusercontent.com/infracosteira/pluviometria/main/data/postos_solo/PICADA.csv?raw=true
PICI.csv,https://raw.githubusercontent.com/infracosteira/pluviometria/main/data/postos_solo/PICI.csv?raw=true
PIEDADE.csv,https://raw.githubusercontent.com/infracosteira/pluviometria/main/data/postos_solo/PIEDADE.csv?raw=true
PINDOGUABA.csv,https://raw.githubusercontent.com/infracosteira/pluviometria/main/data/postos_solo/PINDOGUABA.csv?raw=true
PINDORETAMA.csv,https://raw.githubusercontent.com/infracosteira/pluviometria/main/data/postos_solo/PINDORETAMA.csv?raw=true
PIQUET CARNEIRO.csv,https://raw.githubusercontent.com/infracosteira/pluviometria/main/data/postos_solo/PIQUET%20CARNEIRO.csv?raw=true
PIRANGI.csv,https://raw.githubusercontent.com/infracosteira/pluviometria/main/data/postos_solo/PIRANGI.csv?raw=true
PIRES FERREIRA.csv,https://raw.githubusercontent.com/infracosteira/pluviometria/main/data/postos_solo/PIRES%20FERREIRA.csv?raw=true
PITOMBEIRA (2).csv,https://raw.githubusercontent.com/infracosteira/pluviometria/main/data/postos_solo/PITOMBEIRA%20(2).csv?raw=true
PITOMBEIRA.csv,https://raw.githubusercontent.com/infracosteira/pluviometria/main/data/postos_solo/PITOMBEIRA.csv?raw=true
POCO DA AREIA.csv,https://raw.githubusercontent.com/infracosteira/pluviometria/main/data/postos_solo/POCO%20DA%20AREIA.csv?raw=true
POCO DO PAU.csv,https://raw.githubusercontent.com/infracosteira/pluviometria/main/data/postos_solo/POCO%20DO%20PAU.csv?raw=true
POCO DOCE.csv,https://raw.githubusercontent.com/infracosteira/pluviometria/main/data/postos_solo/POCO%20DOCE.csv?raw=true
POCO GRANDE.csv,https://raw.githubusercontent.com/infracosteira/pluviometria/main/data/postos_solo/POCO%20GRANDE.csv?raw=true
PONTA DA SERRA.csv,https://raw.githubusercontent.com/infracosteira/pluviometria/main/data/postos_solo/PONTA%20DA%20SERRA.csv?raw=true
PORANGA.csv,https://raw.githubusercontent.com/infracosteira/pluviometria/main/data/postos_solo/PORANGA.csv?raw=true
PORTEIRAS.csv,https://raw.githubusercontent.com/infracosteira/pluviometria/main/data/postos_solo/PORTEIRAS.csv?raw=true
POTENGI.csv,https://raw.githubusercontent.com/infracosteira/pluviometria/main/data/postos_solo/POTENGI.csv?raw=true
POTI-FEIJAO.csv,https://raw.githubusercontent.com/infracosteira/pluviometria/main/data/postos_solo/POTI-FEIJAO.csv?raw=true
POTIRETAMA.csv,https://raw.githubusercontent.com/infracosteira/pluviometria/main/data/postos_solo/POTIRETAMA.csv?raw=true
PRAIA DA BALEIA.csv,https://raw.githubusercontent.com/infracosteira/pluviometria/main/data/postos_solo/PRAIA%20DA%20BALEIA.csv?raw=true
PRATA.csv,https://raw.githubusercontent.com/infracosteira/pluviometria/main/data/postos_solo/PRATA.csv?raw=true
PRIMAVERA.csv,https://raw.githubusercontent.com/infracosteira/pluviometria/main/data/postos_solo/PRIMAVERA.csv?raw=true
PROVIDENCIA.csv,https://raw.githubusercontent.com/infracosteira/pluviometria/main/data/postos_solo/PROVIDENCIA.csv?raw=true
QUATIGUABA.csv,https://raw.githubusercontent.com/infracosteira/pluviometria/main/data/postos_solo/QUATIGUABA.csv?raw=true
QUIMAMI.csv,https://raw.githubusercontent.com/infracosteira/pluviometria/main/data/postos_solo/QUIMAMI.csv?raw=true
QUITAIUS.csv,https://raw.githubusercontent.com/infracosteira/pluviometria/main/data/postos_solo/QUITAIUS.csv?raw=true
QUITERIANOPOLIS.csv,https://raw.githubusercontent.com/infracosteira/pluviometria/main/data/postos_solo/QUITERIANOPOLIS.csv?raw=true
QUIXABINHA.csv,https://raw.githubusercontent.com/infracosteira/pluviometria/main/data/postos_solo/QUIXABINHA.csv?raw=true
QUIXADA.csv,https://raw.githubusercontent.com/infracosteira/pluviometria/main/data/postos_solo/QUIXADA.csv?raw=true
QUIXELO.csv,https://raw.githubusercontent.com/infracosteira/pluviometria/main/data/postos_solo/QUIXELO.csv?raw=true
QUIXERAMOBIM.csv,https://raw.githubusercontent.com/infracosteira/pluviometria/main/data/postos_solo/QUIXERAMOBIM.csv?raw=true
QUIXERE.csv,https://raw.githubusercontent.com/infracosteira/pluviometria/main/data/postos_solo/QUIXERE.csv?raw=true
QUIXOA.csv,https://raw.githubusercontent.com/infracosteira/pluviometria/main/data/postos_solo/QUIXOA.csv?raw=true
RADAR QUIXERAMOBIM.csv,https://raw.githubusercontent.com/infracosteira/pluviometria/main/data/postos_solo/RADAR%20QUIXERAMOBIM.csv?raw=true
RAFAEL ARRUDA.csv,https://raw.githubusercontent.com/infracosteira/pluviometria/main/data/postos_solo/RAFAEL%20ARRUDA.csv?raw=true
RAIMUNDO MARTINS.csv,https://raw.githubusercontent.com/infracosteira/pluviometria/main/data/postos_solo/RAIMUNDO%20MARTINS.csv?raw=true
RANCHO AGUA FRIA.csv,https://raw.githubusercontent.com/infracosteira/pluviometria/main/data/postos_solo/RANCHO%20AGUA%20FRIA.csv?raw=true
RECIFE.csv,https://raw.githubusercontent.com/infracosteira/pluviometria/main/data/postos_solo/RECIFE.csv?raw=true
REDENCAO.csv,https://raw.githubusercontent.com/infracosteira/pluviometria/main/data/postos_solo/REDENCAO.csv?raw=true
RERIUTABA.csv,https://raw.githubusercontent.com/infracosteira/pluviometria/main/data/postos_solo/RERIUTABA.csv?raw=true
RETIRO GRANDE.csv,https://raw.githubusercontent.com/infracosteira/pluviometria/main/data/postos_solo/RETIRO%20GRANDE.csv?raw=true
RIACHAO DO BANABUIU.csv,https://raw.githubusercontent.com/infracosteira/pluviometria/main/data/postos_solo/RIACHAO%20DO%20BANABUIU.csv?raw=true
RIACHO DO ALGODAO.csv,https://raw.githubusercontent.com/infracosteira/pluviometria/main/data/postos_solo/RIACHO%20DO%20ALGODAO.csv?raw=true
RIACHO VERDE.csv,https://raw.githubusercontent.com/infracosteira/pluviometria/main/data/postos_solo/RIACHO%20VERDE.csv?raw=true
RIACHO VERMELHO.csv,https://raw.githubusercontent.com/infracosteira/pluviometria/main/data/postos_solo/RIACHO%20VERMELHO.csv?raw=true
RINARÉ.csv,https://raw.githubusercontent.com/infracosteira/pluviometria/main/data/postos_solo/RINARÉ.csv?raw=true
ROLDAO.csv,https://raw.githubusercontent.com/infracosteira/pluviometria/main/data/postos_solo/ROLDAO.csv?raw=true
RUSSAS.csv,https://raw.githubusercontent.com/infracosteira/pluviometria/main/data/postos_solo/RUSSAS.csv?raw=true
SABIAGUABA.csv,https://raw.githubusercontent.com/infracosteira/pluviometria/main/data/postos_solo/SABIAGUABA.csv?raw=true
SABOEIRO.csv,https://raw.githubusercontent.com/infracosteira/pluviometria/main/data/postos_solo/SABOEIRO.csv?raw=true
SABONETE.csv,https://raw.githubusercontent.com/infracosteira/pluviometria/main/data/postos_solo/SABONETE.csv?raw=true
SACO DO BELEM.csv,https://raw.githubusercontent.com/infracosteira/pluviometria/main/data/postos_solo/SACO%20DO%20BELEM.csv?raw=true
SALAO.csv,https://raw.githubusercontent.com/infracosteira/pluviometria/main/data/postos_solo/SALAO.csv?raw=true
SALGADINHO.csv,https://raw.githubusercontent.com/infracosteira/pluviometria/main/data/postos_solo/SALGADINHO.csv?raw=true
SALGADO DOS MACHADOS.csv,https://raw.githubusercontent.com/infracosteira/pluviometria/main/data/postos_solo/SALGADO%20DOS%20MACHADOS.csv?raw=true
SALITRE.csv,https://raw.githubusercontent.com/infracosteira/pluviometria/main/data/postos_solo/SALITRE.csv?raw=true
SAMBAIBA.csv,https://raw.githubusercontent.com/infracosteira/pluviometria/main/data/postos_solo/SAMBAIBA.csv?raw=true
SANTA CRUZ.csv,https://raw.githubusercontent.com/infracosteira/pluviometria/main/data/postos_solo/SANTA%20CRUZ.csv?raw=true
SANTA FE.csv,https://raw.githubusercontent.com/infracosteira/pluviometria/main/data/postos_solo/SANTA%20FE.csv?raw=true
SANTA QUITERIA.csv,https://raw.githubusercontent.com/infracosteira/pluviometria/main/data/postos_solo/SANTA%20QUITERIA.csv?raw=true
SANTA TEREZA.csv,https://raw.githubusercontent.com/infracosteira/pluviometria/main/data/postos_solo/SANTA%20TEREZA.csv?raw=true
SANTA TEREZINHA.csv,https://raw.githubusercontent.com/infracosteira/pluviometria/main/data/postos_solo/SANTA%20TEREZINHA.csv?raw=true
SANTA VITORIA - LAGES.csv,https://raw.githubusercontent.com/infracosteira/pluviometria/main/data/postos_solo/SANTA%20VITORIA%20-%20LAGES.csv?raw=true
SANTANA DO ACARAU.csv,https://raw.githubusercontent.com/infracosteira/pluviometria/main/data/postos_solo/SANTANA%20DO%20ACARAU.csv?raw=true
SANTANA DO CARIRI.csv,https://raw.githubusercontent.com/infracosteira/pluviometria/main/data/postos_solo/SANTANA%20DO%20CARIRI.csv?raw=true
SANTANA.csv,https://raw.githubusercontent.com/infracosteira/pluviometria/main/data/postos_solo/SANTANA.csv?raw=true
SANTO AMARO.csv,https://raw.githubusercontent.com/infracosteira/pluviometria/main/data/postos_solo/SANTO%20AMARO.csv?raw=true
SANTO ANTONIO DA PINDOBA.csv,https://raw.githubusercontent.com/infracosteira/pluviometria/main/data/postos_solo/SANTO%20ANTONIO%20DA%20PINDOBA.csv?raw=true
SANTO ANTONIO.csv,https://raw.githubusercontent.com/infracosteira/pluviometria/main/data/postos_solo/SANTO%20ANTONIO.csv?raw=true
SANTO ANTôNIO.csv,https://raw.githubusercontent.com/infracosteira/pluviometria/main/data/postos_solo/SANTO ANTôNIO.csv?raw=true
SAO BARTOLOMEU.csv,https://raw.githubusercontent.com/infracosteira/pluviometria/main/data/postos_solo/SAO%20BARTOLOMEU.csv?raw=true
SAO BENEDITO.csv,https://raw.githubusercontent.com/infracosteira/pluviometria/main/data/postos_solo/SAO%20BENEDITO.csv?raw=true
SAO BERNARDO.csv,https://raw.githubusercontent.com/infracosteira/pluviometria/main/data/postos_solo/SAO%20BERNARDO.csv?raw=true
SAO DOMINGOS.csv,https://raw.githubusercontent.com/infracosteira/pluviometria/main/data/postos_solo/SAO%20DOMINGOS.csv?raw=true
SAO FELIPE.csv,https://raw.githubusercontent.com/infracosteira/pluviometria/main/data/postos_solo/SAO%20FELIPE.csv?raw=true
SAO GONCALO DO AMARANTE.csv,https://raw.githubusercontent.com/infracosteira/pluviometria/main/data/postos_solo/SAO%20GONCALO%20DO%20AMARANTE.csv?raw=true
SAO JOAO DO JAGUARIBE.csv,https://raw.githubusercontent.com/infracosteira/pluviometria/main/data/postos_solo/SAO%20JOAO%20DO%20JAGUARIBE.csv?raw=true
SAO JOAO DO TRISSI.csv,https://raw.githubusercontent.com/infracosteira/pluviometria/main/data/postos_solo/SAO%20JOAO%20DO%20TRISSI.csv?raw=true
SAO JOAQUIM.csv,https://raw.githubusercontent.com/infracosteira/pluviometria/main/data/postos_solo/SAO%20JOAQUIM.csv?raw=true
SAO JOSE DAS LONTRAS.csv,https://raw.githubusercontent.com/infracosteira/pluviometria/main/data/postos_solo/SAO%20JOSE%20DAS%20LONTRAS.csv?raw=true
SAO JOSE DO FAMA.csv,https://raw.githubusercontent.com/infracosteira/pluviometria/main/data/postos_solo/SAO%20JOSE%20DO%20FAMA.csv?raw=true
SAO JOSE DO TORTO.csv,https://raw.githubusercontent.com/infracosteira/pluviometria/main/data/postos_solo/SAO%20JOSE%20DO%20TORTO.csv?raw=true
SAO JOSE.csv,https://raw.githubusercontent.com/infracosteira/pluviometria/main/data/postos_solo/SAO%20JOSE.csv?raw=true
SAO LUIS DO CURU.csv,https://raw.githubusercontent.com/infracosteira/pluviometria/main/data/postos_solo/SAO%20LUIS%20DO%20CURU.csv?raw=true
SAO MANOEL.csv,https://raw.githubusercontent.com/infracosteira/pluviometria/main/data/postos_solo/SAO%20MANOEL.csv?raw=true
SAO MIGUEL.csv,https://raw.githubusercontent.com/infracosteira/pluviometria/main/data/postos_solo/SAO%20MIGUEL.csv?raw=true
SAO MONTE ALEGRE.csv,https://raw.githubusercontent.com/infracosteira/pluviometria/main/data/postos_solo/SAO%20MONTE%20ALEGRE.csv?raw=true
SAO ROMAO.csv,https://raw.githubusercontent.com/infracosteira/pluviometria/main/data/postos_solo/SAO%20ROMAO.csv?raw=true
SAO SEBASTIAO.csv,https://raw.githubusercontent.com/infracosteira/pluviometria/main/data/postos_solo/SAO%20SEBASTIAO.csv?raw=true
SAO VICENTE.csv,https://raw.githubusercontent.com/infracosteira/pluviometria/main/data/postos_solo/SAO%20VICENTE.csv?raw=true
SARGENTO.csv,https://raw.githubusercontent.com/infracosteira/pluviometria/main/data/postos_solo/SARGENTO.csv?raw=true
SEBASTIAO DE ABREU.csv,https://raw.githubusercontent.com/infracosteira/pluviometria/main/data/postos_solo/SEBASTIAO%20DE%20ABREU.csv?raw=true
SEDE.csv,https://raw.githubusercontent.com/infracosteira/pluviometria/main/data/postos_solo/SEDE.csv?raw=true
SEMAN.csv,https://raw.githubusercontent.com/infracosteira/pluviometria/main/data/postos_solo/SEMAN.csv?raw=true
SENADOR POMPEU.csv,https://raw.githubusercontent.com/infracosteira/pluviometria/main/data/postos_solo/SENADOR%20POMPEU.csv?raw=true
SENADOR SA.csv,https://raw.githubusercontent.com/infracosteira/pluviometria/main/data/postos_solo/SENADOR%20SA.csv?raw=true
SERENO DE CIMA.csv,https://raw.githubusercontent.com/infracosteira/pluviometria/main/data/postos_solo/SERENO%20DE%20CIMA.csv?raw=true
SERRA  BREJINHO.csv,https://raw.githubusercontent.com/infracosteira/pluviometria/main/data/postos_solo/SERRA%20%20BREJINHO.csv?raw=true
SERRA BOCA DA MATA L .csv,https://raw.githubusercontent.com/infracosteira/pluviometria/main/data/postos_solo/SERRA%20BOCA%20DA%20MATA%20L%20.csv?raw=true
SERRA BRAVA.csv,https://raw.githubusercontent.com/infracosteira/pluviometria/main/data/postos_solo/SERRA%20BRAVA.csv?raw=true
SERRA DA GUIA.csv,https://raw.githubusercontent.com/infracosteira/pluviometria/main/data/postos_solo/SERRA%20DA%20GUIA.csv?raw=true
SERRA DO BAIXIO DO MOCO.csv,https://raw.githubusercontent.com/infracosteira/pluviometria/main/data/postos_solo/SERRA%20DO%20BAIXIO%20DO%20MOCO.csv?raw=true
SERRA DO FELIX.csv,https://raw.githubusercontent.com/infracosteira/pluviometria/main/data/postos_solo/SERRA%20DO%20FELIX.csv?raw=true
SERRAGEM.csv,https://raw.githubusercontent.com/infracosteira/pluviometria/main/data/postos_solo/SERRAGEM.csv?raw=true
SERROTA.csv,https://raw.githubusercontent.com/infracosteira/pluviometria/main/data/postos_solo/SERROTA.csv?raw=true
SERROTE BRANCO.csv,https://raw.githubusercontent.com/infracosteira/pluviometria/main/data/postos_solo/SERROTE%20BRANCO.csv?raw=true
SINHA SABOIA.csv,https://raw.githubusercontent.com/infracosteira/pluviometria/main/data/postos_solo/SINHA%20SABOIA.csv?raw=true
SITIO ALEGRE.csv,https://raw.githubusercontent.com/infracosteira/pluviometria/main/data/postos_solo/SITIO%20ALEGRE.csv?raw=true
SITIO BAIXA GRANDE.csv,https://raw.githubusercontent.com/infracosteira/pluviometria/main/data/postos_solo/SITIO%20BAIXA%20GRANDE.csv?raw=true
SITIO BAIXIO DAS BESTAS.csv,https://raw.githubusercontent.com/infracosteira/pluviometria/main/data/postos_solo/SITIO%20BAIXIO%20DAS%20BESTAS.csv?raw=true
SITIO BICA.csv,https://raw.githubusercontent.com/infracosteira/pluviometria/main/data/postos_solo/SITIO%20BICA.csv?raw=true
SITIO BONSUCESSO.csv,https://raw.githubusercontent.com/infracosteira/pluviometria/main/data/postos_solo/SITIO%20BONSUCESSO.csv?raw=true
SITIO CAMPO LIMPO.csv,https://raw.githubusercontent.com/infracosteira/pluviometria/main/data/postos_solo/SITIO%20CAMPO%20LIMPO.csv?raw=true
SITIO CANTO.csv,https://raw.githubusercontent.com/infracosteira/pluviometria/main/data/postos_solo/SITIO%20CANTO.csv?raw=true
SITIO CATOLÉ DA PISTA.csv,https://raw.githubusercontent.com/infracosteira/pluviometria/main/data/postos_solo/SITIO CATOLÉ DA PISTA.csv?raw=true
SITIO CHAPADINHA.csv,https://raw.githubusercontent.com/infracosteira/pluviometria/main/data/postos_solo/SITIO%20CHAPADINHA.csv?raw=true
SITIO ESCONDIDO.csv,https://raw.githubusercontent.com/infracosteira/pluviometria/main/data/postos_solo/SITIO%20ESCONDIDO.csv?raw=true
SITIO FAVEIRA.csv,https://raw.githubusercontent.com/infracosteira/pluviometria/main/data/postos_solo/SITIO%20FAVEIRA.csv?raw=true
SITIO FERNANDES.csv,https://raw.githubusercontent.com/infracosteira/pluviometria/main/data/postos_solo/SITIO%20FERNANDES.csv?raw=true
SITIO FORQUILHA -  COGERH.csv,https://raw.githubusercontent.com/infracosteira/pluviometria/main/data/postos_solo/SITIO%20FORQUILHA%20-%20%20COGERH.csv?raw=true
SITIO INHARE.csv,https://raw.githubusercontent.com/infracosteira/pluviometria/main/data/postos_solo/SITIO%20INHARE.csv?raw=true
SITIO ITAPORANGA.csv,https://raw.githubusercontent.com/infracosteira/pluviometria/main/data/postos_solo/SITIO%20ITAPORANGA.csv?raw=true
SITIO LIMA.csv,https://raw.githubusercontent.com/infracosteira/pluviometria/main/data/postos_solo/SITIO%20LIMA.csv?raw=true
SITIO LIVRAMENTO.csv,https://raw.githubusercontent.com/infracosteira/pluviometria/main/data/postos_solo/SITIO%20LIVRAMENTO.csv?raw=true
SITIO LUCAS.csv,https://raw.githubusercontent.com/infracosteira/pluviometria/main/data/postos_solo/SITIO%20LUCAS.csv?raw=true
SITIO MACAPA.csv,https://raw.githubusercontent.com/infracosteira/pluviometria/main/data/postos_solo/SITIO%20MACAPA.csv?raw=true
SITIO MALHADA.csv,https://raw.githubusercontent.com/infracosteira/pluviometria/main/data/postos_solo/SITIO%20MALHADA.csv?raw=true
SITIO MILHANS.csv,https://raw.githubusercontent.com/infracosteira/pluviometria/main/data/postos_solo/SITIO%20MILHANS.csv?raw=true
SITIO NOVO-VILA PE CICERO.csv,https://raw.githubusercontent.com/infracosteira/pluviometria/main/data/postos_solo/SITIO%20NOVO-VILA%20PE%20CICERO.csv?raw=true
SITIO PAJEU.csv,https://raw.githubusercontent.com/infracosteira/pluviometria/main/data/postos_solo/SITIO%20PAJEU.csv?raw=true
SITIO PILOES.csv,https://raw.githubusercontent.com/infracosteira/pluviometria/main/data/postos_solo/SITIO%20PILOES.csv?raw=true
SITIO PITOMBEIRAS DE CRUZ.csv,https://raw.githubusercontent.com/infracosteira/pluviometria/main/data/postos_solo/SITIO%20PITOMBEIRAS%20DE%20CRUZ.csv?raw=true
SITIO PITUBA.csv,https://raw.githubusercontent.com/infracosteira/pluviometria/main/data/postos_solo/SITIO%20PITUBA.csv?raw=true
SITIO QUENQUELERE.csv,https://raw.githubusercontent.com/infracosteira/pluviometria/main/data/postos_solo/SITIO%20QUENQUELERE.csv?raw=true
SITIO SACO.csv,https://raw.githubusercontent.com/infracosteira/pluviometria/main/data/postos_solo/SITIO%20SACO.csv?raw=true
SITIO SAO JOAO.csv,https://raw.githubusercontent.com/infracosteira/pluviometria/main/data/postos_solo/SITIO%20SAO%20JOAO.csv?raw=true
SITIO SAO PEDRO.csv,https://raw.githubusercontent.com/infracosteira/pluviometria/main/data/postos_solo/SITIO%20SAO%20PEDRO.csv?raw=true
SITIO SAPUCAIA FAGUNDES.csv,https://raw.githubusercontent.com/infracosteira/pluviometria/main/data/postos_solo/SITIO%20SAPUCAIA%20FAGUNDES.csv?raw=true
SITIO SEVERO.csv,https://raw.githubusercontent.com/infracosteira/pluviometria/main/data/postos_solo/SITIO%20SEVERO.csv?raw=true
SITIO TAUÃ DE BAIXO.csv,https://raw.githubusercontent.com/infracosteira/pluviometria/main/data/postos_solo/SITIO TAUÃ DE BAIXO.csv?raw=true
SITIO TIMBAUBA MACORE.csv,https://raw.githubusercontent.com/infracosteira/pluviometria/main/data/postos_solo/SITIO%20TIMBAUBA%20MACORE.csv?raw=true
SITIO TIPI.csv,https://raw.githubusercontent.com/infracosteira/pluviometria/main/data/postos_solo/SITIO%20TIPI.csv?raw=true
SITIO TRANQUEIRA .csv,https://raw.githubusercontent.com/infracosteira/pluviometria/main/data/postos_solo/SITIO%20TRANQUEIRA%20.csv?raw=true
SITIO TREZE IRMAOS.csv,https://raw.githubusercontent.com/infracosteira/pluviometria/main/data/postos_solo/SITIO%20TREZE%20IRMAOS.csv?raw=true
SITIO URUBU.csv,https://raw.githubusercontent.com/infracosteira/pluviometria/main/data/postos_solo/SITIO%20URUBU.csv?raw=true
SITIO VAMBIRA.csv,https://raw.githubusercontent.com/infracosteira/pluviometria/main/data/postos_solo/SITIO%20VAMBIRA.csv?raw=true
SITIO VARZEA REDONDA.csv,https://raw.githubusercontent.com/infracosteira/pluviometria/main/data/postos_solo/SITIO%20VARZEA%20REDONDA.csv?raw=true
SITIO VARZEA.csv,https://raw.githubusercontent.com/infracosteira/pluviometria/main/data/postos_solo/SITIO%20VARZEA.csv?raw=true
SITIOS NOVOS.csv,https://raw.githubusercontent.com/infracosteira/pluviometria/main/data/postos_solo/SITIOS%20NOVOS.csv?raw=true
SIUPE.csv,https://raw.githubusercontent.com/infracosteira/pluviometria/main/data/postos_solo/SIUPE.csv?raw=true
SOBRAL.csv,https://raw.githubusercontent.com/infracosteira/pluviometria/main/data/postos_solo/SOBRAL.csv?raw=true
SOLEDADE.csv,https://raw.githubusercontent.com/infracosteira/pluviometria/main/data/postos_solo/SOLEDADE.csv?raw=true
SOLONOPOLE.csv,https://raw.githubusercontent.com/infracosteira/pluviometria/main/data/postos_solo/SOLONOPOLE.csv?raw=true
STA. RITA DOS GALDINOS.csv,https://raw.githubusercontent.com/infracosteira/pluviometria/main/data/postos_solo/STA.%20RITA%20DOS%20GALDINOS.csv?raw=true
STO. ANTONIO DE RUSSAS.csv,https://raw.githubusercontent.com/infracosteira/pluviometria/main/data/postos_solo/STO.%20ANTONIO%20DE%20RUSSAS.csv?raw=true
SUASSURANA.csv,https://raw.githubusercontent.com/infracosteira/pluviometria/main/data/postos_solo/SUASSURANA.csv?raw=true
SUCESSO.csv,https://raw.githubusercontent.com/infracosteira/pluviometria/main/data/postos_solo/SUCESSO.csv?raw=true
SÃO JOÃO.csv,https://raw.githubusercontent.com/infracosteira/pluviometria/main/data/postos_solo/SÃO JOÃO.csv?raw=true
SÍTIO ESTRELA DALVA.csv,https://raw.githubusercontent.com/infracosteira/pluviometria/main/data/postos_solo/SÍTIO ESTRELA DALVA.csv?raw=true
SÍTIO SÃO PEDRO.csv,https://raw.githubusercontent.com/infracosteira/pluviometria/main/data/postos_solo/SÍTIO SÃO PEDRO.csv?raw=true
TABAINHA.csv,https://raw.githubusercontent.com/infracosteira/pluviometria/main/data/postos_solo/TABAINHA.csv?raw=true
TABULEIRO DO NORTE.csv,https://raw.githubusercontent.com/infracosteira/pluviometria/main/data/postos_solo/TABULEIRO%20DO%20NORTE.csv?raw=true
TAMANDUA.csv,https://raw.githubusercontent.com/infracosteira/pluviometria/main/data/postos_solo/TAMANDUA.csv?raw=true
TAMBORIL.csv,https://raw.githubusercontent.com/infracosteira/pluviometria/main/data/postos_solo/TAMBORIL.csv?raw=true
TANGENTE.csv,https://raw.githubusercontent.com/infracosteira/pluviometria/main/data/postos_solo/TANGENTE.csv?raw=true
TANQUES.csv,https://raw.githubusercontent.com/infracosteira/pluviometria/main/data/postos_solo/TANQUES.csv?raw=true
TAPERUABA.csv,https://raw.githubusercontent.com/infracosteira/pluviometria/main/data/postos_solo/TAPERUABA.csv?raw=true
TAPUIARA.csv,https://raw.githubusercontent.com/infracosteira/pluviometria/main/data/postos_solo/TAPUIARA.csv?raw=true
TARGINOS.csv,https://raw.githubusercontent.com/infracosteira/pluviometria/main/data/postos_solo/TARGINOS.csv?raw=true
TARRAFAS.csv,https://raw.githubusercontent.com/infracosteira/pluviometria/main/data/postos_solo/TARRAFAS.csv?raw=true
TAUA.csv,https://raw.githubusercontent.com/infracosteira/pluviometria/main/data/postos_solo/TAUA.csv?raw=true
TEJUCUOCA.csv,https://raw.githubusercontent.com/infracosteira/pluviometria/main/data/postos_solo/TEJUCUOCA.csv?raw=true
TIAIA DE BAIXO.csv,https://raw.githubusercontent.com/infracosteira/pluviometria/main/data/postos_solo/TIAIA%20DE%20BAIXO.csv?raw=true
TIANGUA.csv,https://raw.githubusercontent.com/infracosteira/pluviometria/main/data/postos_solo/TIANGUA.csv?raw=true
TIMONHA.csv,https://raw.githubusercontent.com/infracosteira/pluviometria/main/data/postos_solo/TIMONHA.csv?raw=true
TOME VIEIRA.csv,https://raw.githubusercontent.com/infracosteira/pluviometria/main/data/postos_solo/TOME%20VIEIRA.csv?raw=true
TRAIRI.csv,https://raw.githubusercontent.com/infracosteira/pluviometria/main/data/postos_solo/TRAIRI.csv?raw=true
TRANQUEIRAS.csv,https://raw.githubusercontent.com/infracosteira/pluviometria/main/data/postos_solo/TRANQUEIRAS.csv?raw=true
TRAPIA.csv,https://raw.githubusercontent.com/infracosteira/pluviometria/main/data/postos_solo/TRAPIA.csv?raw=true
TRES BODEGAS.csv,https://raw.githubusercontent.com/infracosteira/pluviometria/main/data/postos_solo/TRES%20BODEGAS.csv?raw=true
TRUSSU.csv,https://raw.githubusercontent.com/infracosteira/pluviometria/main/data/postos_solo/TRUSSU.csv?raw=true
TUCUNDUBA.csv,https://raw.githubusercontent.com/infracosteira/pluviometria/main/data/postos_solo/TUCUNDUBA.csv?raw=true
TUCUNS.csv,https://raw.githubusercontent.com/infracosteira/pluviometria/main/data/postos_solo/TUCUNS.csv?raw=true
TURURU.csv,https://raw.githubusercontent.com/infracosteira/pluviometria/main/data/postos_solo/TURURU.csv?raw=true
UBAJARA.csv,https://raw.githubusercontent.com/infracosteira/pluviometria/main/data/postos_solo/UBAJARA.csv?raw=true
UBAUNA.csv,https://raw.githubusercontent.com/infracosteira/pluviometria/main/data/postos_solo/UBAUNA.csv?raw=true
UBIRACU.csv,https://raw.githubusercontent.com/infracosteira/pluviometria/main/data/postos_solo/UBIRACU.csv?raw=true
UIRAPONGA.csv,https://raw.githubusercontent.com/infracosteira/pluviometria/main/data/postos_solo/UIRAPONGA.csv?raw=true
UMARI.csv,https://raw.githubusercontent.com/infracosteira/pluviometria/main/data/postos_solo/UMARI.csv?raw=true
UMIRIM.csv,https://raw.githubusercontent.com/infracosteira/pluviometria/main/data/postos_solo/UMIRIM.csv?raw=true
URUAU CARRAPICHO.csv,https://raw.githubusercontent.com/infracosteira/pluviometria/main/data/postos_solo/URUAU%20CARRAPICHO.csv?raw=true
URUBURETAMA.csv,https://raw.githubusercontent.com/infracosteira/pluviometria/main/data/postos_solo/URUBURETAMA.csv?raw=true
URUCUZINHO.csv,https://raw.githubusercontent.com/infracosteira/pluviometria/main/data/postos_solo/URUCUZINHO.csv?raw=true
URUOCA.csv,https://raw.githubusercontent.com/infracosteira/pluviometria/main/data/postos_solo/URUOCA.csv?raw=true
URUQUE.csv,https://raw.githubusercontent.com/infracosteira/pluviometria/main/data/postos_solo/URUQUE.csv?raw=true
VARJOTA.csv,https://raw.githubusercontent.com/infracosteira/pluviometria/main/data/postos_solo/VARJOTA.csv?raw=true
VARZEA ALEGRE.csv,https://raw.githubusercontent.com/infracosteira/pluviometria/main/data/postos_solo/VARZEA%20ALEGRE.csv?raw=true
VARZEA DA CAL.csv,https://raw.githubusercontent.com/infracosteira/pluviometria/main/data/postos_solo/VARZEA%20DA%20CAL.csv?raw=true
VARZEA DA CONCEICAO.csv,https://raw.githubusercontent.com/infracosteira/pluviometria/main/data/postos_solo/VARZEA%20DA%20CONCEICAO.csv?raw=true
VARZEA GRANDE.csv,https://raw.githubusercontent.com/infracosteira/pluviometria/main/data/postos_solo/VARZEA%20GRANDE.csv?raw=true
VARZEA NOVA.csv,https://raw.githubusercontent.com/infracosteira/pluviometria/main/data/postos_solo/VARZEA%20NOVA.csv?raw=true
VARZEA.csv,https://raw.githubusercontent.com/infracosteira/pluviometria/main/data/postos_solo/VARZEA.csv?raw=true
VAZANTES.csv,https://raw.githubusercontent.com/infracosteira/pluviometria/main/data/postos_solo/VAZANTES.csv?raw=true
VERA CRUZ.csv,https://raw.githubusercontent.com/infracosteira/pluviometria/main/data/postos_solo/VERA%20CRUZ.csv?raw=true
VICENTE DE CASTRO.csv,https://raw.githubusercontent.com/infracosteira/pluviometria/main/data/postos_solo/VICENTE%20DE%20CASTRO.csv?raw=true
VICOSA 01.csv,https://raw.githubusercontent.com/infracosteira/pluviometria/main/data/postos_solo/VICOSA%2001.csv?raw=true
VICOSA 02.csv,https://raw.githubusercontent.com/infracosteira/pluviometria/main/data/postos_solo/VICOSA%2002.csv?raw=true
VICOSA DO CEARA.csv,https://raw.githubusercontent.com/infracosteira/pluviometria/main/data/postos_solo/VICOSA%20DO%20CEARA.csv?raw=true
VILA ALECRIM.csv,https://raw.githubusercontent.com/infracosteira/pluviometria/main/data/postos_solo/VILA%20ALECRIM.csv?raw=true
VILA ANTONICO.csv,https://raw.githubusercontent.com/infracosteira/pluviometria/main/data/postos_solo/VILA%20ANTONICO.csv?raw=true
VILA ESCONDIDO.csv,https://raw.githubusercontent.com/infracosteira/pluviometria/main/data/postos_solo/VILA%20ESCONDIDO.csv?raw=true
VILA FEITOSA.csv,https://raw.githubusercontent.com/infracosteira/pluviometria/main/data/postos_solo/VILA%20FEITOSA.csv?raw=true
VILA PEDRA BRANCA.csv,https://raw.githubusercontent.com/infracosteira/pluviometria/main/data/postos_solo/VILA%20PEDRA%20BRANCA.csv?raw=true
VILA SANTO ANTONIO.csv,https://raw.githubusercontent.com/infracosteira/pluviometria/main/data/postos_solo/VILA%20SANTO%20ANTONIO.csv?raw=true
VILA SAO GONCALO-MARROCOS.csv,https://raw.githubusercontent.com/infracosteira/pluviometria/main/data/postos_solo/VILA%20SAO%20GONCALO-MARROCOS.csv?raw=true
VILA SOARES.csv,https://raw.githubusercontent.com/infracosteira/pluviometria/main/data/postos_solo/VILA%20SOARES.csv?raw=true
pluvio.posto AGRICOLA.csv,https://raw.githubusercontent.com/infracosteira/pluviometria/main/data/postos_solo/pluvio.posto%20AGRICOLA.csv?raw=true
